Gene Name,Description,PFAM ID,PFAM Description
AT2G21930,(1 of 92) PTHR31790//PTHR31790:SF10 - FAMILY NOT NAMED // F-BOX ASSOCIATED UBIQUITINATION EFFECTOR FAMILY PROTEIN-RELATED,PF08268,FBA_3
AT2G19210,(1 of 14) PF07714//PF12819//PF13855 - Protein tyrosine kinase (Pkinase_Tyr) // Carbohydrate-binding protein of the ER (Malectin_like) // Leucine rich repeat (LRR_8),PF07714,Pkinase_Tyr
AT2G19210,(1 of 14) PF07714//PF12819//PF13855 - Protein tyrosine kinase (Pkinase_Tyr) // Carbohydrate-binding protein of the ER (Malectin_like) // Leucine rich repeat (LRR_8),PF12819,Malectin_like
AT2G19210,(1 of 14) PF07714//PF12819//PF13855 - Protein tyrosine kinase (Pkinase_Tyr) // Carbohydrate-binding protein of the ER (Malectin_like) // Leucine rich repeat (LRR_8),PF13855,LRR_8
AT2G19190,(1 of 1) K16224 - senescence-induced receptor-like serine/threonine-protein kinase (FRK1),PF00560,LRR_1
AT2G19190,(1 of 1) K16224 - senescence-induced receptor-like serine/threonine-protein kinase (FRK1),PF00069,Pkinase
AT2G19190,(1 of 1) K16224 - senescence-induced receptor-like serine/threonine-protein kinase (FRK1),PF12819,Malectin_like
AT2G02660,(1 of 92) PTHR31790//PTHR31790:SF10 - FAMILY NOT NAMED // F-BOX ASSOCIATED UBIQUITINATION EFFECTOR FAMILY PROTEIN-RELATED,PF08268,FBA_3
AT2G39415,(1 of 18) PTHR32153//PTHR32153:SF2 - FAMILY NOT NAMED // F-BOX/LRR-REPEAT PROTEIN 25-RELATED,PF00646,F-box
AT2G28960,(1 of 14) PF07714//PF12819//PF13855 - Protein tyrosine kinase (Pkinase_Tyr) // Carbohydrate-binding protein of the ER (Malectin_like) // Leucine rich repeat (LRR_8),PF07714,Pkinase_Tyr
AT2G28960,(1 of 14) PF07714//PF12819//PF13855 - Protein tyrosine kinase (Pkinase_Tyr) // Carbohydrate-binding protein of the ER (Malectin_like) // Leucine rich repeat (LRR_8),PF12819,Malectin_like
AT2G28960,(1 of 14) PF07714//PF12819//PF13855 - Protein tyrosine kinase (Pkinase_Tyr) // Carbohydrate-binding protein of the ER (Malectin_like) // Leucine rich repeat (LRR_8),PF13855,LRR_8
AT2G28970,(1 of 10) PF00069//PF12819//PF13855 - Protein kinase domain (Pkinase) // Carbohydrate-binding protein of the ER (Malectin_like) // Leucine rich repeat (LRR_8),PF00069,Pkinase
AT2G28970,(1 of 10) PF00069//PF12819//PF13855 - Protein kinase domain (Pkinase) // Carbohydrate-binding protein of the ER (Malectin_like) // Leucine rich repeat (LRR_8),PF12819,Malectin_like
AT2G28970,(1 of 10) PF00069//PF12819//PF13855 - Protein kinase domain (Pkinase) // Carbohydrate-binding protein of the ER (Malectin_like) // Leucine rich repeat (LRR_8),PF13855,LRR_8
AT2G43270,(1 of 1) PTHR10641//PTHR10641:SF486//PTHR31790 - MYB-LIKE DNA-BINDING PROTEIN MYB // SNRNA-ACTIVATING PROTEIN COMPLEX SUBUNIT 4 // FAMILY NOT NAMED,PF00646,F-box
AT2G16810,(1 of 77) PF00646//PF08268 - F-box domain (F-box) // F-box associated domain (FBA_3),PF00646,F-box
AT2G16810,(1 of 77) PF00646//PF08268 - F-box domain (F-box) // F-box associated domain (FBA_3),PF08268,FBA_3
AT2G19070,(1 of 1) PTHR31642//PTHR31642:SF57 - FAMILY NOT NAMED // SPERMIDINE HYDROXYCINNAMOYL TRANSFERASE,PF02458,Transferase
AT2G16220,(1 of 92) PTHR31790//PTHR31790:SF10 - FAMILY NOT NAMED // F-BOX ASSOCIATED UBIQUITINATION EFFECTOR FAMILY PROTEIN-RELATED,PF00646,F-box
AT2G16220,(1 of 92) PTHR31790//PTHR31790:SF10 - FAMILY NOT NAMED // F-BOX ASSOCIATED UBIQUITINATION EFFECTOR FAMILY PROTEIN-RELATED,PF08268,FBA_3
AT2G40910,(1 of 77) PF00646//PF08268 - F-box domain (F-box) // F-box associated domain (FBA_3),PF00646,F-box
AT2G40910,(1 of 77) PF00646//PF08268 - F-box domain (F-box) // F-box associated domain (FBA_3),PF08268,FBA_3
AT2G32470,(1 of 92) PTHR31790//PTHR31790:SF10 - FAMILY NOT NAMED // F-BOX ASSOCIATED UBIQUITINATION EFFECTOR FAMILY PROTEIN-RELATED,PF08268,FBA_3
AT2G19630,(1 of 92) PTHR31790//PTHR31790:SF10 - FAMILY NOT NAMED // F-BOX ASSOCIATED UBIQUITINATION EFFECTOR FAMILY PROTEIN-RELATED,PF00646,F-box
AT2G19630,(1 of 92) PTHR31790//PTHR31790:SF10 - FAMILY NOT NAMED // F-BOX ASSOCIATED UBIQUITINATION EFFECTOR FAMILY PROTEIN-RELATED,PF08268,FBA_3
AT2G40920,(1 of 77) PF00646//PF08268 - F-box domain (F-box) // F-box associated domain (FBA_3),PF00646,F-box
AT2G40920,(1 of 77) PF00646//PF08268 - F-box domain (F-box) // F-box associated domain (FBA_3),PF08268,FBA_3
AT2G25150,(1 of 6) 2.3.1.162 - Taxadien-5-alpha-ol O-acetyltransferase / Taxadienol acetyltransferase,PF02458,Transferase
AT2G04230,(1 of 69) PTHR32212//PTHR32212:SF126 - FAMILY NOT NAMED // EMB|CAB62440.1-RELATED,PF00646,F-box
AT2G04230,(1 of 69) PTHR32212//PTHR32212:SF126 - FAMILY NOT NAMED // EMB|CAB62440.1-RELATED,PF08387,FBD
AT2G04230,(1 of 69) PTHR32212//PTHR32212:SF126 - FAMILY NOT NAMED // EMB|CAB62440.1-RELATED,PF07723,LRR_2
AT2G04300,(1 of 14) PF07714//PF12819//PF13855 - Protein tyrosine kinase (Pkinase_Tyr) // Carbohydrate-binding protein of the ER (Malectin_like) // Leucine rich repeat (LRR_8),PF07714,Pkinase_Tyr
AT2G04300,(1 of 14) PF07714//PF12819//PF13855 - Protein tyrosine kinase (Pkinase_Tyr) // Carbohydrate-binding protein of the ER (Malectin_like) // Leucine rich repeat (LRR_8),PF12819,Malectin_like
AT2G04300,(1 of 14) PF07714//PF12819//PF13855 - Protein tyrosine kinase (Pkinase_Tyr) // Carbohydrate-binding protein of the ER (Malectin_like) // Leucine rich repeat (LRR_8),PF13855,LRR_8
AT2G39980,(1 of 14) 2.3.1.133 - Shikimate O-hydroxycinnamoyltransferase,PF02458,Transferase
AT2G28590,(1 of 2) PTHR27001:SF63 - SERINE/THREONINE-PROTEIN KINASE RLCKVII-RELATED,PF00069,Pkinase
AT2G31470,(1 of 92) PTHR31790//PTHR31790:SF10 - FAMILY NOT NAMED // F-BOX ASSOCIATED UBIQUITINATION EFFECTOR FAMILY PROTEIN-RELATED,PF00646,F-box
AT2G31470,(1 of 92) PTHR31790//PTHR31790:SF10 - FAMILY NOT NAMED // F-BOX ASSOCIATED UBIQUITINATION EFFECTOR FAMILY PROTEIN-RELATED,PF08268,FBA_3
AT2G05635,(1 of 3) PTHR11472:SF6 - FANCONI ANEMIA GROUP J PROTEIN,,
AT2G28990,(1 of 2) PF00069//PF12819 - Protein kinase domain (Pkinase) // Carbohydrate-binding protein of the ER (Malectin_like),PF00069,Pkinase
AT2G28990,(1 of 2) PF00069//PF12819 - Protein kinase domain (Pkinase) // Carbohydrate-binding protein of the ER (Malectin_like),PF12819,Malectin_like
AT2G02890,(1 of 92) PTHR31790//PTHR31790:SF10 - FAMILY NOT NAMED // F-BOX ASSOCIATED UBIQUITINATION EFFECTOR FAMILY PROTEIN-RELATED,PF00646,F-box
AT2G02890,(1 of 92) PTHR31790//PTHR31790:SF10 - FAMILY NOT NAMED // F-BOX ASSOCIATED UBIQUITINATION EFFECTOR FAMILY PROTEIN-RELATED,PF08268,FBA_3
AT2G02030,(1 of 13) PTHR31945//PTHR31945:SF5 - FAMILY NOT NAMED // F-BOX ASSOCIATED UBIQUITINATION EFFECTOR FAMILY PROTEIN,PF00646,F-box
AT2G19230,(1 of 10) PF00069//PF12819//PF13855 - Protein kinase domain (Pkinase) // Carbohydrate-binding protein of the ER (Malectin_like) // Leucine rich repeat (LRR_8),PF00069,Pkinase
AT2G19230,(1 of 10) PF00069//PF12819//PF13855 - Protein kinase domain (Pkinase) // Carbohydrate-binding protein of the ER (Malectin_like) // Leucine rich repeat (LRR_8),PF12819,Malectin_like
AT2G19230,(1 of 10) PF00069//PF12819//PF13855 - Protein kinase domain (Pkinase) // Carbohydrate-binding protein of the ER (Malectin_like) // Leucine rich repeat (LRR_8),PF13855,LRR_8
AT2G26860,(1 of 44) PTHR32212//PTHR32212:SF112 - FAMILY NOT NAMED // FBD / LEUCINE RICH REPEAT DOMAINS CONTAINING PROTEIN-RELATED,PF00646,F-box
AT2G26860,(1 of 44) PTHR32212//PTHR32212:SF112 - FAMILY NOT NAMED // FBD / LEUCINE RICH REPEAT DOMAINS CONTAINING PROTEIN-RELATED,PF08387,FBD
AT2G26860,(1 of 44) PTHR32212//PTHR32212:SF112 - FAMILY NOT NAMED // FBD / LEUCINE RICH REPEAT DOMAINS CONTAINING PROTEIN-RELATED,PF07723,LRR_2
AT2G40925,(1 of 77) PF00646//PF08268 - F-box domain (F-box) // F-box associated domain (FBA_3),PF00646,F-box
AT2G40925,(1 of 77) PF00646//PF08268 - F-box domain (F-box) // F-box associated domain (FBA_3),PF08268,FBA_3
AT2G40230,(1 of 1) PTHR31642:SF19 - COA-DEPENDENT ACYLTRANSFERASE-RELATED,PF02458,Transferase
AT2G29930,(1 of 5) PTHR31293//PTHR31293:SF11 - FAMILY NOT NAMED // DOMAIN IN F-BOX AND BRCT DOMAIN-CONTAINING PROTEIN-RELATED,PF00646,F-box
AT2G29930,(1 of 5) PTHR31293//PTHR31293:SF11 - FAMILY NOT NAMED // DOMAIN IN F-BOX AND BRCT DOMAIN-CONTAINING PROTEIN-RELATED,PF07723,LRR_2
AT2G15640,(1 of 92) PTHR31790//PTHR31790:SF10 - FAMILY NOT NAMED // F-BOX ASSOCIATED UBIQUITINATION EFFECTOR FAMILY PROTEIN-RELATED,PF00646,F-box
AT2G15640,(1 of 92) PTHR31790//PTHR31790:SF10 - FAMILY NOT NAMED // F-BOX ASSOCIATED UBIQUITINATION EFFECTOR FAMILY PROTEIN-RELATED,PF08268,FBA_3
AT2G14440,(1 of 13) PF07714//PF12819 - Protein tyrosine kinase (Pkinase_Tyr) // Carbohydrate-binding protein of the ER (Malectin_like),PF07714,Pkinase_Tyr
AT2G14440,(1 of 13) PF07714//PF12819 - Protein tyrosine kinase (Pkinase_Tyr) // Carbohydrate-binding protein of the ER (Malectin_like),PF12819,Malectin_like
AT2G16450,(1 of 92) PTHR31790//PTHR31790:SF10 - FAMILY NOT NAMED // F-BOX ASSOCIATED UBIQUITINATION EFFECTOR FAMILY PROTEIN-RELATED,PF00646,F-box
AT2G16450,(1 of 92) PTHR31790//PTHR31790:SF10 - FAMILY NOT NAMED // F-BOX ASSOCIATED UBIQUITINATION EFFECTOR FAMILY PROTEIN-RELATED,PF08268,FBA_3
AT2G29000,(1 of 2) PF00069//PF12819 - Protein kinase domain (Pkinase) // Carbohydrate-binding protein of the ER (Malectin_like),PF00069,Pkinase
AT2G29000,(1 of 2) PF00069//PF12819 - Protein kinase domain (Pkinase) // Carbohydrate-binding protein of the ER (Malectin_like),PF12819,Malectin_like
AT2G33830,(1 of 5) PF05564 - Dormancy/auxin associated protein (Auxin_repressed),PF05564,Auxin_repressed
AT2G13630,(1 of 92) PTHR31790//PTHR31790:SF10 - FAMILY NOT NAMED // F-BOX ASSOCIATED UBIQUITINATION EFFECTOR FAMILY PROTEIN-RELATED,PF08268,FBA_3
AT2G14510,(1 of 13) PF07714//PF12819 - Protein tyrosine kinase (Pkinase_Tyr) // Carbohydrate-binding protein of the ER (Malectin_like),PF07714,Pkinase_Tyr
AT2G14510,(1 of 13) PF07714//PF12819 - Protein tyrosine kinase (Pkinase_Tyr) // Carbohydrate-binding protein of the ER (Malectin_like),PF12819,Malectin_like
AT2G37050,(1 of 2) PF00560//PF07714//PF12819//PF13855 - Leucine Rich Repeat (LRR_1) // Protein tyrosine kinase (Pkinase_Tyr) // Carbohydrate-binding protein of the ER (Malectin_like) // Leucine rich repeat (LRR_8),PF00560,LRR_1
AT2G37050,(1 of 2) PF00560//PF07714//PF12819//PF13855 - Leucine Rich Repeat (LRR_1) // Protein tyrosine kinase (Pkinase_Tyr) // Carbohydrate-binding protein of the ER (Malectin_like) // Leucine rich repeat (LRR_8),PF07714,Pkinase_Tyr
AT2G37050,(1 of 2) PF00560//PF07714//PF12819//PF13855 - Leucine Rich Repeat (LRR_1) // Protein tyrosine kinase (Pkinase_Tyr) // Carbohydrate-binding protein of the ER (Malectin_like) // Leucine rich repeat (LRR_8),PF12819,Malectin_like
AT2G37050,(1 of 2) PF00560//PF07714//PF12819//PF13855 - Leucine Rich Repeat (LRR_1) // Protein tyrosine kinase (Pkinase_Tyr) // Carbohydrate-binding protein of the ER (Malectin_like) // Leucine rich repeat (LRR_8),PF13855,LRR_8
AT2G23510,(1 of 6) 2.3.1.162 - Taxadien-5-alpha-ol O-acetyltransferase / Taxadienol acetyltransferase,PF02458,Transferase
AT2G34280,(1 of 13) PTHR31945//PTHR31945:SF5 - FAMILY NOT NAMED // F-BOX ASSOCIATED UBIQUITINATION EFFECTOR FAMILY PROTEIN,PF00646,F-box
AT2G34280,(1 of 13) PTHR31945//PTHR31945:SF5 - FAMILY NOT NAMED // F-BOX ASSOCIATED UBIQUITINATION EFFECTOR FAMILY PROTEIN,PF07734,FBA_1
AT2G26030,(1 of 69) PTHR32212//PTHR32212:SF126 - FAMILY NOT NAMED // EMB|CAB62440.1-RELATED,PF00646,F-box
AT2G26030,(1 of 69) PTHR32212//PTHR32212:SF126 - FAMILY NOT NAMED // EMB|CAB62440.1-RELATED,PF08387,FBD
AT2G26030,(1 of 69) PTHR32212//PTHR32212:SF126 - FAMILY NOT NAMED // EMB|CAB62440.1-RELATED,PF07723,LRR_2
AT2G21480,(1 of 15) PF07714//PF11721 - Protein tyrosine kinase (Pkinase_Tyr) // Di-glucose binding within endoplasmic reticulum (Malectin),PF07714,Pkinase_Tyr
AT2G21480,(1 of 15) PF07714//PF11721 - Protein tyrosine kinase (Pkinase_Tyr) // Di-glucose binding within endoplasmic reticulum (Malectin),PF11721,Malectin
AT4G29180,(1 of 3) PF00560//PF07714//PF12819 - Leucine Rich Repeat (LRR_1) // Protein tyrosine kinase (Pkinase_Tyr) // Carbohydrate-binding protein of the ER (Malectin_like),PF00560,LRR_1
AT4G29180,(1 of 3) PF00560//PF07714//PF12819 - Leucine Rich Repeat (LRR_1) // Protein tyrosine kinase (Pkinase_Tyr) // Carbohydrate-binding protein of the ER (Malectin_like),PF07714,Pkinase_Tyr
AT4G29180,(1 of 3) PF00560//PF07714//PF12819 - Leucine Rich Repeat (LRR_1) // Protein tyrosine kinase (Pkinase_Tyr) // Carbohydrate-binding protein of the ER (Malectin_like),PF12819,Malectin_like
AT4G26090,(1 of 1) K13459 - disease resistance protein RPS2 (RPS2),PF00931,NB-ARC
AT4G26090,(1 of 1) K13459 - disease resistance protein RPS2 (RPS2),PF13855,LRR_8
AT4G16420,"(1 of 2) K11314 - transcriptional adapter 2-alpha (TADA2A, ADA2)",PF00249,Myb_DNA-binding
AT4G16420,"(1 of 2) K11314 - transcriptional adapter 2-alpha (TADA2A, ADA2)",PF00569,ZZ
AT4G13060,(1 of 92) PTHR31790//PTHR31790:SF10 - FAMILY NOT NAMED // F-BOX ASSOCIATED UBIQUITINATION EFFECTOR FAMILY PROTEIN-RELATED,PF08268,FBA_3
AT4G11590,(1 of 92) PTHR31790//PTHR31790:SF10 - FAMILY NOT NAMED // F-BOX ASSOCIATED UBIQUITINATION EFFECTOR FAMILY PROTEIN-RELATED,PF00646,F-box
AT4G11590,(1 of 92) PTHR31790//PTHR31790:SF10 - FAMILY NOT NAMED // F-BOX ASSOCIATED UBIQUITINATION EFFECTOR FAMILY PROTEIN-RELATED,PF08268,FBA_3
AT4G19930,(1 of 77) PF00646//PF08268 - F-box domain (F-box) // F-box associated domain (FBA_3),PF00646,F-box
AT4G19930,(1 of 77) PF00646//PF08268 - F-box domain (F-box) // F-box associated domain (FBA_3),PF08268,FBA_3
AT4G26350,(1 of 69) PTHR32212//PTHR32212:SF126 - FAMILY NOT NAMED // EMB|CAB62440.1-RELATED,PF00646,F-box
AT4G26350,(1 of 69) PTHR32212//PTHR32212:SF126 - FAMILY NOT NAMED // EMB|CAB62440.1-RELATED,PF08387,FBD
AT4G26350,(1 of 69) PTHR32212//PTHR32212:SF126 - FAMILY NOT NAMED // EMB|CAB62440.1-RELATED,PF07723,LRR_2
AT4G00315,(1 of 44) PTHR32212//PTHR32212:SF112 - FAMILY NOT NAMED // FBD / LEUCINE RICH REPEAT DOMAINS CONTAINING PROTEIN-RELATED,PF00646,F-box
AT4G00315,(1 of 44) PTHR32212//PTHR32212:SF112 - FAMILY NOT NAMED // FBD / LEUCINE RICH REPEAT DOMAINS CONTAINING PROTEIN-RELATED,PF08387,FBD
AT4G00315,(1 of 44) PTHR32212//PTHR32212:SF112 - FAMILY NOT NAMED // FBD / LEUCINE RICH REPEAT DOMAINS CONTAINING PROTEIN-RELATED,PF07723,LRR_2
AT4G29990,(1 of 2) PF00560//PF07714//PF12819//PF13855 - Leucine Rich Repeat (LRR_1) // Protein tyrosine kinase (Pkinase_Tyr) // Carbohydrate-binding protein of the ER (Malectin_like) // Leucine rich repeat (LRR_8),PF00560,LRR_1
AT4G29990,(1 of 2) PF00560//PF07714//PF12819//PF13855 - Leucine Rich Repeat (LRR_1) // Protein tyrosine kinase (Pkinase_Tyr) // Carbohydrate-binding protein of the ER (Malectin_like) // Leucine rich repeat (LRR_8),PF07714,Pkinase_Tyr
AT4G29990,(1 of 2) PF00560//PF07714//PF12819//PF13855 - Leucine Rich Repeat (LRR_1) // Protein tyrosine kinase (Pkinase_Tyr) // Carbohydrate-binding protein of the ER (Malectin_like) // Leucine rich repeat (LRR_8),PF12819,Malectin_like
AT4G29990,(1 of 2) PF00560//PF07714//PF12819//PF13855 - Leucine Rich Repeat (LRR_1) // Protein tyrosine kinase (Pkinase_Tyr) // Carbohydrate-binding protein of the ER (Malectin_like) // Leucine rich repeat (LRR_8),PF13855,LRR_8
AT4G29970,(1 of 92) PTHR31790//PTHR31790:SF10 - FAMILY NOT NAMED // F-BOX ASSOCIATED UBIQUITINATION EFFECTOR FAMILY PROTEIN-RELATED,PF00646,F-box
AT4G29970,(1 of 92) PTHR31790//PTHR31790:SF10 - FAMILY NOT NAMED // F-BOX ASSOCIATED UBIQUITINATION EFFECTOR FAMILY PROTEIN-RELATED,PF08268,FBA_3
AT4G09190,(1 of 92) PTHR31790//PTHR31790:SF10 - FAMILY NOT NAMED // F-BOX ASSOCIATED UBIQUITINATION EFFECTOR FAMILY PROTEIN-RELATED,PF00646,F-box
AT4G09190,(1 of 92) PTHR31790//PTHR31790:SF10 - FAMILY NOT NAMED // F-BOX ASSOCIATED UBIQUITINATION EFFECTOR FAMILY PROTEIN-RELATED,PF08268,FBA_3
AT4G29450,(1 of 13) PF07714//PF12819 - Protein tyrosine kinase (Pkinase_Tyr) // Carbohydrate-binding protein of the ER (Malectin_like),PF07714,Pkinase_Tyr
AT4G29450,(1 of 13) PF07714//PF12819 - Protein tyrosine kinase (Pkinase_Tyr) // Carbohydrate-binding protein of the ER (Malectin_like),PF12819,Malectin_like
AT4G15390,(1 of 2) 2.3.1.150 - Salutaridinol 7-O-acetyltransferase,PF02458,Transferase
AT4G14096,(1 of 45) PTHR31639//PTHR31639:SF6 - FAMILY NOT NAMED // FBD DOMAIN-CONTAINING PROTEIN-RELATED,PF00646,F-box
AT4G14096,(1 of 45) PTHR31639//PTHR31639:SF6 - FAMILY NOT NAMED // FBD DOMAIN-CONTAINING PROTEIN-RELATED,PF07723,LRR_2
AT4G09150,(1 of 1) PTHR12832:SF20 - T-COMPLEX PROTEIN 11,PF05794,Tcp11
AT4G18240,"(1 of 1) PTHR12526:SF304 - STARCH SYNTHASE 4, CHLOROPLASTIC/AMYLOPLASTIC-RELATED",PF00534,Glycos_transf_1
AT4G18240,"(1 of 1) PTHR12526:SF304 - STARCH SYNTHASE 4, CHLOROPLASTIC/AMYLOPLASTIC-RELATED",PF08323,Glyco_transf_5
AT4G10420,(1 of 44) PTHR32212//PTHR32212:SF112 - FAMILY NOT NAMED // FBD / LEUCINE RICH REPEAT DOMAINS CONTAINING PROTEIN-RELATED,PF08387,FBD
AT4G10420,(1 of 44) PTHR32212//PTHR32212:SF112 - FAMILY NOT NAMED // FBD / LEUCINE RICH REPEAT DOMAINS CONTAINING PROTEIN-RELATED,PF07723,LRR_2
AT4G10780,(1 of 21) PTHR23155//PTHR23155:SF639 - LEUCINE-RICH REPEAT-CONTAINING PROTEIN // DISEASE RESISTANCE PROTEIN RFL1-RELATED,PF00931,NB-ARC
AT4G10780,(1 of 21) PTHR23155//PTHR23155:SF639 - LEUCINE-RICH REPEAT-CONTAINING PROTEIN // DISEASE RESISTANCE PROTEIN RFL1-RELATED,PF13855,LRR_8
AT4G27050,(1 of 34) PF00646//PF07723 - F-box domain (F-box) // Leucine Rich Repeat (LRR_2),PF00646,F-box
AT4G27050,(1 of 34) PF00646//PF07723 - F-box domain (F-box) // Leucine Rich Repeat (LRR_2),PF07723,LRR_2
AT4G15400,(1 of 6) 2.3.1.160 - Vinorine synthase,PF02458,Transferase
AT4G29250,(1 of 1) PTHR31642//PTHR31642:SF54 - FAMILY NOT NAMED // HXXXD-TYPE ACYL-TRANSFERASE-LIKE PROTEIN,PF02458,Transferase
AT4G24510,(1 of 1) PTHR31642//PTHR31642:SF12 - FAMILY NOT NAMED // PROTEIN ECERIFERUM 1,PF02458,Transferase
AT4G12560,(1 of 2) PTHR32133//PTHR32133:SF121 - FAMILY NOT NAMED // F-BOX PROTEIN CPR30,PF00646,F-box
AT4G12560,(1 of 2) PTHR32133//PTHR32133:SF121 - FAMILY NOT NAMED // F-BOX PROTEIN CPR30,PF07734,FBA_1
AT4G26340,(1 of 44) PTHR32212//PTHR32212:SF112 - FAMILY NOT NAMED // FBD / LEUCINE RICH REPEAT DOMAINS CONTAINING PROTEIN-RELATED,PF00646,F-box
AT4G26340,(1 of 44) PTHR32212//PTHR32212:SF112 - FAMILY NOT NAMED // FBD / LEUCINE RICH REPEAT DOMAINS CONTAINING PROTEIN-RELATED,PF08387,FBD
AT4G26340,(1 of 44) PTHR32212//PTHR32212:SF112 - FAMILY NOT NAMED // FBD / LEUCINE RICH REPEAT DOMAINS CONTAINING PROTEIN-RELATED,PF07723,LRR_2
AT4G09920,(1 of 44) PTHR32212//PTHR32212:SF112 - FAMILY NOT NAMED // FBD / LEUCINE RICH REPEAT DOMAINS CONTAINING PROTEIN-RELATED,PF07723,LRR_2
AT4G31910,(1 of 7) 2.3.1.188 - Omega-hydroxypalmitate O-feruloyl transferase / O-hydroxycinnamoyltransferase,PF02458,Transferase
AT4G15060,(1 of 44) PTHR32212//PTHR32212:SF112 - FAMILY NOT NAMED // FBD / LEUCINE RICH REPEAT DOMAINS CONTAINING PROTEIN-RELATED,PF00646,F-box
AT4G15060,(1 of 44) PTHR32212//PTHR32212:SF112 - FAMILY NOT NAMED // FBD / LEUCINE RICH REPEAT DOMAINS CONTAINING PROTEIN-RELATED,PF08387,FBD
AT4G15060,(1 of 44) PTHR32212//PTHR32212:SF112 - FAMILY NOT NAMED // FBD / LEUCINE RICH REPEAT DOMAINS CONTAINING PROTEIN-RELATED,PF07723,LRR_2
AT4G00320,(1 of 45) PTHR31639//PTHR31639:SF6 - FAMILY NOT NAMED // FBD DOMAIN-CONTAINING PROTEIN-RELATED,PF07723,LRR_2
AT4G38870,(1 of 92) PTHR31790//PTHR31790:SF10 - FAMILY NOT NAMED // F-BOX ASSOCIATED UBIQUITINATION EFFECTOR FAMILY PROTEIN-RELATED,PF00646,F-box
AT4G38870,(1 of 92) PTHR31790//PTHR31790:SF10 - FAMILY NOT NAMED // F-BOX ASSOCIATED UBIQUITINATION EFFECTOR FAMILY PROTEIN-RELATED,PF07734,FBA_1
AT4G27190,(1 of 2) PTHR23155//PTHR23155:SF449 - LEUCINE-RICH REPEAT-CONTAINING PROTEIN // SUBFAMILY NOT NAMED,PF13401,AAA_22
AT4G20450,(1 of 2) PF00069//PF07714//PF12819//PF13855 - Protein kinase domain (Pkinase) // Protein tyrosine kinase (Pkinase_Tyr) // Carbohydrate-binding protein of the ER (Malectin_like) // Leucine rich repeat (LRR_8),PF07714,Pkinase_Tyr
AT4G20450,(1 of 2) PF00069//PF07714//PF12819//PF13855 - Protein kinase domain (Pkinase) // Protein tyrosine kinase (Pkinase_Tyr) // Carbohydrate-binding protein of the ER (Malectin_like) // Leucine rich repeat (LRR_8),PF12819,Malectin_like
AT4G20450,(1 of 2) PF00069//PF07714//PF12819//PF13855 - Protein kinase domain (Pkinase) // Protein tyrosine kinase (Pkinase_Tyr) // Carbohydrate-binding protein of the ER (Malectin_like) // Leucine rich repeat (LRR_8),PF13855,LRR_8
AT4G20450,(1 of 2) PF00069//PF07714//PF12819//PF13855 - Protein kinase domain (Pkinase) // Protein tyrosine kinase (Pkinase_Tyr) // Carbohydrate-binding protein of the ER (Malectin_like) // Leucine rich repeat (LRR_8),PF00069,Pkinase
AT4G14103,(1 of 45) PTHR31639//PTHR31639:SF6 - FAMILY NOT NAMED // FBD DOMAIN-CONTAINING PROTEIN-RELATED,PF00646,F-box
AT4G14103,(1 of 45) PTHR31639//PTHR31639:SF6 - FAMILY NOT NAMED // FBD DOMAIN-CONTAINING PROTEIN-RELATED,PF07723,LRR_2
AT4G21240,(1 of 92) PTHR31790//PTHR31790:SF10 - FAMILY NOT NAMED // F-BOX ASSOCIATED UBIQUITINATION EFFECTOR FAMILY PROTEIN-RELATED,PF00646,F-box
AT4G21240,(1 of 92) PTHR31790//PTHR31790:SF10 - FAMILY NOT NAMED // F-BOX ASSOCIATED UBIQUITINATION EFFECTOR FAMILY PROTEIN-RELATED,PF08268,FBA_3
AT4G10400,(1 of 44) PTHR32212//PTHR32212:SF112 - FAMILY NOT NAMED // FBD / LEUCINE RICH REPEAT DOMAINS CONTAINING PROTEIN-RELATED,PF00646,F-box
AT4G10400,(1 of 44) PTHR32212//PTHR32212:SF112 - FAMILY NOT NAMED // FBD / LEUCINE RICH REPEAT DOMAINS CONTAINING PROTEIN-RELATED,PF08387,FBD
AT4G10400,(1 of 44) PTHR32212//PTHR32212:SF112 - FAMILY NOT NAMED // FBD / LEUCINE RICH REPEAT DOMAINS CONTAINING PROTEIN-RELATED,PF07723,LRR_2
AT4G13965,(1 of 24) PF07723//PF08387 - Leucine Rich Repeat (LRR_2) // FBD (FBD),PF08387,FBD
AT4G13965,(1 of 24) PF07723//PF08387 - Leucine Rich Repeat (LRR_2) // FBD (FBD),PF07723,LRR_2
AT4G19940,(1 of 77) PF00646//PF08268 - F-box domain (F-box) // F-box associated domain (FBA_3),PF00646,F-box
AT4G19940,(1 of 77) PF00646//PF08268 - F-box domain (F-box) // F-box associated domain (FBA_3),PF08268,FBA_3
AT4G27220,(1 of 2) PTHR23155//PTHR23155:SF449 - LEUCINE-RICH REPEAT-CONTAINING PROTEIN // SUBFAMILY NOT NAMED,PF00931,NB-ARC
AT4G27220,(1 of 2) PTHR23155//PTHR23155:SF449 - LEUCINE-RICH REPEAT-CONTAINING PROTEIN // SUBFAMILY NOT NAMED,PF13855,LRR_8
AT4G03220,(1 of 17) PF00646//PF08387 - F-box domain (F-box) // FBD (FBD),PF00646,F-box
AT4G03220,(1 of 17) PF00646//PF08387 - F-box domain (F-box) // FBD (FBD),PF08387,FBD
AT4G13840,(1 of 2) PTHR31642//PTHR31642:SF22 - FAMILY NOT NAMED // PROTEIN ECERIFERUM 26-RELATED,PF02458,Transferase
AT4G02680,"(1 of 1) PTHR23083//PTHR23083:SF430 - TETRATRICOPEPTIDE REPEAT PROTEIN, TPR // SUBFAMILY NOT NAMED",PF00515,TPR_1
AT4G02680,"(1 of 1) PTHR23083//PTHR23083:SF430 - TETRATRICOPEPTIDE REPEAT PROTEIN, TPR // SUBFAMILY NOT NAMED",PF13371,TPR_9
AT4G00160,(1 of 69) PTHR32212//PTHR32212:SF126 - FAMILY NOT NAMED // EMB|CAB62440.1-RELATED,PF00646,F-box
AT4G00160,(1 of 69) PTHR32212//PTHR32212:SF126 - FAMILY NOT NAMED // EMB|CAB62440.1-RELATED,PF08387,FBD
AT4G00160,(1 of 69) PTHR32212//PTHR32212:SF126 - FAMILY NOT NAMED // EMB|CAB62440.1-RELATED,PF07723,LRR_2
AT1G47790,(1 of 92) PTHR31790//PTHR31790:SF10 - FAMILY NOT NAMED // F-BOX ASSOCIATED UBIQUITINATION EFFECTOR FAMILY PROTEIN-RELATED,PF00646,F-box
AT1G47790,(1 of 92) PTHR31790//PTHR31790:SF10 - FAMILY NOT NAMED // F-BOX ASSOCIATED UBIQUITINATION EFFECTOR FAMILY PROTEIN-RELATED,PF08268,FBA_3
AT1G51810,(1 of 10) PF00069//PF12819//PF13855 - Protein kinase domain (Pkinase) // Carbohydrate-binding protein of the ER (Malectin_like) // Leucine rich repeat (LRR_8),PF00069,Pkinase
AT1G51810,(1 of 10) PF00069//PF12819//PF13855 - Protein kinase domain (Pkinase) // Carbohydrate-binding protein of the ER (Malectin_like) // Leucine rich repeat (LRR_8),PF12819,Malectin_like
AT1G51810,(1 of 10) PF00069//PF12819//PF13855 - Protein kinase domain (Pkinase) // Carbohydrate-binding protein of the ER (Malectin_like) // Leucine rich repeat (LRR_8),PF13855,LRR_8
AT1G32375,(1 of 44) PTHR32212//PTHR32212:SF112 - FAMILY NOT NAMED // FBD / LEUCINE RICH REPEAT DOMAINS CONTAINING PROTEIN-RELATED,PF00646,F-box
AT1G32375,(1 of 44) PTHR32212//PTHR32212:SF112 - FAMILY NOT NAMED // FBD / LEUCINE RICH REPEAT DOMAINS CONTAINING PROTEIN-RELATED,PF08387,FBD
AT1G32375,(1 of 44) PTHR32212//PTHR32212:SF112 - FAMILY NOT NAMED // FBD / LEUCINE RICH REPEAT DOMAINS CONTAINING PROTEIN-RELATED,PF07723,LRR_2
AT1G63360,(1 of 21) PTHR23155//PTHR23155:SF639 - LEUCINE-RICH REPEAT-CONTAINING PROTEIN // DISEASE RESISTANCE PROTEIN RFL1-RELATED,PF00931,NB-ARC
AT1G63360,(1 of 21) PTHR23155//PTHR23155:SF639 - LEUCINE-RICH REPEAT-CONTAINING PROTEIN // DISEASE RESISTANCE PROTEIN RFL1-RELATED,PF13855,LRR_8
AT1G70460,(1 of 6) PTHR27001//PTHR27001:SF36 - FAMILY NOT NAMED // PROLINE-RICH RECEPTOR-LIKE PROTEIN KINASE PERK12-RELATED,PF07714,Pkinase_Tyr
AT1G51805,(1 of 10) PF00069//PF12819//PF13855 - Protein kinase domain (Pkinase) // Carbohydrate-binding protein of the ER (Malectin_like) // Leucine rich repeat (LRR_8),PF00069,Pkinase
AT1G51805,(1 of 10) PF00069//PF12819//PF13855 - Protein kinase domain (Pkinase) // Carbohydrate-binding protein of the ER (Malectin_like) // Leucine rich repeat (LRR_8),PF12819,Malectin_like
AT1G51805,(1 of 10) PF00069//PF12819//PF13855 - Protein kinase domain (Pkinase) // Carbohydrate-binding protein of the ER (Malectin_like) // Leucine rich repeat (LRR_8),PF13855,LRR_8
AT1G58602,(1 of 16) PTHR23155//PTHR23155:SF549 - LEUCINE-RICH REPEAT-CONTAINING PROTEIN // DISEASE RESISTANCE RPP8-LIKE PROTEIN 3-RELATED,PF00931,NB-ARC
AT1G51850,(1 of 10) PF00069//PF12819//PF13855 - Protein kinase domain (Pkinase) // Carbohydrate-binding protein of the ER (Malectin_like) // Leucine rich repeat (LRR_8),PF00069,Pkinase
AT1G51850,(1 of 10) PF00069//PF12819//PF13855 - Protein kinase domain (Pkinase) // Carbohydrate-binding protein of the ER (Malectin_like) // Leucine rich repeat (LRR_8),PF12819,Malectin_like
AT1G51850,(1 of 10) PF00069//PF12819//PF13855 - Protein kinase domain (Pkinase) // Carbohydrate-binding protein of the ER (Malectin_like) // Leucine rich repeat (LRR_8),PF13855,LRR_8
AT1G51790,(1 of 2) PTHR27003:SF13 - LEUCINE-RICH REPEAT PROTEIN KINASE-LIKE PROTEIN,PF00560,LRR_1
AT1G51790,(1 of 2) PTHR27003:SF13 - LEUCINE-RICH REPEAT PROTEIN KINASE-LIKE PROTEIN,PF07714,Pkinase_Tyr
AT1G51790,(1 of 2) PTHR27003:SF13 - LEUCINE-RICH REPEAT PROTEIN KINASE-LIKE PROTEIN,PF12819,Malectin_like
AT1G59780,(1 of 16) PTHR23155//PTHR23155:SF549 - LEUCINE-RICH REPEAT-CONTAINING PROTEIN // DISEASE RESISTANCE RPP8-LIKE PROTEIN 3-RELATED,PF00931,NB-ARC
AT1G51910,(1 of 13) PF07714//PF12819 - Protein tyrosine kinase (Pkinase_Tyr) // Carbohydrate-binding protein of the ER (Malectin_like),PF07714,Pkinase_Tyr
AT1G51910,(1 of 13) PF07714//PF12819 - Protein tyrosine kinase (Pkinase_Tyr) // Carbohydrate-binding protein of the ER (Malectin_like),PF12819,Malectin_like
AT1G58807,(1 of 16) PTHR23155//PTHR23155:SF549 - LEUCINE-RICH REPEAT-CONTAINING PROTEIN // DISEASE RESISTANCE RPP8-LIKE PROTEIN 3-RELATED,PF00931,NB-ARC
AT1G53350,(1 of 16) PTHR23155//PTHR23155:SF549 - LEUCINE-RICH REPEAT-CONTAINING PROTEIN // DISEASE RESISTANCE RPP8-LIKE PROTEIN 3-RELATED,PF00931,NB-ARC
AT1G60370,(1 of 92) PTHR31790//PTHR31790:SF10 - FAMILY NOT NAMED // F-BOX ASSOCIATED UBIQUITINATION EFFECTOR FAMILY PROTEIN-RELATED,PF00646,F-box
AT1G60370,(1 of 92) PTHR31790//PTHR31790:SF10 - FAMILY NOT NAMED // F-BOX ASSOCIATED UBIQUITINATION EFFECTOR FAMILY PROTEIN-RELATED,PF08268,FBA_3
AT1G55070,(1 of 92) PTHR31790//PTHR31790:SF10 - FAMILY NOT NAMED // F-BOX ASSOCIATED UBIQUITINATION EFFECTOR FAMILY PROTEIN-RELATED,PF00646,F-box
AT1G55070,(1 of 92) PTHR31790//PTHR31790:SF10 - FAMILY NOT NAMED // F-BOX ASSOCIATED UBIQUITINATION EFFECTOR FAMILY PROTEIN-RELATED,PF08268,FBA_3
AT1G55030,(1 of 24) PF07723//PF08387 - Leucine Rich Repeat (LRR_2) // FBD (FBD),PF08387,FBD
AT1G55030,(1 of 24) PF07723//PF08387 - Leucine Rich Repeat (LRR_2) // FBD (FBD),PF07723,LRR_2
AT1G55660,(1 of 44) PTHR32212//PTHR32212:SF112 - FAMILY NOT NAMED // FBD / LEUCINE RICH REPEAT DOMAINS CONTAINING PROTEIN-RELATED,PF00646,F-box
AT1G55660,(1 of 44) PTHR32212//PTHR32212:SF112 - FAMILY NOT NAMED // FBD / LEUCINE RICH REPEAT DOMAINS CONTAINING PROTEIN-RELATED,PF08387,FBD
AT1G55660,(1 of 44) PTHR32212//PTHR32212:SF112 - FAMILY NOT NAMED // FBD / LEUCINE RICH REPEAT DOMAINS CONTAINING PROTEIN-RELATED,PF07723,LRR_2
AT1G49610,(1 of 18) PTHR32153//PTHR32153:SF2 - FAMILY NOT NAMED // F-BOX/LRR-REPEAT PROTEIN 25-RELATED,,
AT1G47350,(1 of 92) PTHR31790//PTHR31790:SF10 - FAMILY NOT NAMED // F-BOX ASSOCIATED UBIQUITINATION EFFECTOR FAMILY PROTEIN-RELATED,PF08268,FBA_3
AT1G32660,(1 of 92) PTHR31790//PTHR31790:SF10 - FAMILY NOT NAMED // F-BOX ASSOCIATED UBIQUITINATION EFFECTOR FAMILY PROTEIN-RELATED,PF00646,F-box
AT1G32660,(1 of 92) PTHR31790//PTHR31790:SF10 - FAMILY NOT NAMED // F-BOX ASSOCIATED UBIQUITINATION EFFECTOR FAMILY PROTEIN-RELATED,PF08268,FBA_3
AT1G03390,(1 of 1) PTHR31642:SF50 - F21B7.2,PF02458,Transferase
AT1G62630,(1 of 21) PTHR23155//PTHR23155:SF639 - LEUCINE-RICH REPEAT-CONTAINING PROTEIN // DISEASE RESISTANCE PROTEIN RFL1-RELATED,PF00931,NB-ARC
AT1G62630,(1 of 21) PTHR23155//PTHR23155:SF639 - LEUCINE-RICH REPEAT-CONTAINING PROTEIN // DISEASE RESISTANCE PROTEIN RFL1-RELATED,PF13855,LRR_8
AT1G49100,(1 of 14) PF07714//PF12819//PF13855 - Protein tyrosine kinase (Pkinase_Tyr) // Carbohydrate-binding protein of the ER (Malectin_like) // Leucine rich repeat (LRR_8),PF07714,Pkinase_Tyr
AT1G49100,(1 of 14) PF07714//PF12819//PF13855 - Protein tyrosine kinase (Pkinase_Tyr) // Carbohydrate-binding protein of the ER (Malectin_like) // Leucine rich repeat (LRR_8),PF12819,Malectin_like
AT1G49100,(1 of 14) PF07714//PF12819//PF13855 - Protein tyrosine kinase (Pkinase_Tyr) // Carbohydrate-binding protein of the ER (Malectin_like) // Leucine rich repeat (LRR_8),PF13855,LRR_8
AT1G67720,(1 of 13) PF07714//PF12819 - Protein tyrosine kinase (Pkinase_Tyr) // Carbohydrate-binding protein of the ER (Malectin_like),PF07714,Pkinase_Tyr
AT1G67720,(1 of 13) PF07714//PF12819 - Protein tyrosine kinase (Pkinase_Tyr) // Carbohydrate-binding protein of the ER (Malectin_like),PF12819,Malectin_like
AT1G76830,(1 of 7) PTHR31672:SF2 - F-BOX ASSOCIATED UBIQUITINATION EFFECTOR FAMILY PROTEIN,PF00646,F-box
AT1G76830,(1 of 7) PTHR31672:SF2 - F-BOX ASSOCIATED UBIQUITINATION EFFECTOR FAMILY PROTEIN,PF08268,FBA_3
AT1G03495,(1 of 2) PTHR31625:SF2 - COUMAROYL-COA:ANTHOCYANIDIN 3-O-GLUCOSIDE-6''-O-COUMAROYLTRANSFERASE 1-RELATED,PF02458,Transferase
AT1G30790,(1 of 92) PTHR31790//PTHR31790:SF10 - FAMILY NOT NAMED // F-BOX ASSOCIATED UBIQUITINATION EFFECTOR FAMILY PROTEIN-RELATED,PF00646,F-box
AT1G30790,(1 of 92) PTHR31790//PTHR31790:SF10 - FAMILY NOT NAMED // F-BOX ASSOCIATED UBIQUITINATION EFFECTOR FAMILY PROTEIN-RELATED,PF07734,FBA_1
AT1G58848,(1 of 16) PTHR23155//PTHR23155:SF549 - LEUCINE-RICH REPEAT-CONTAINING PROTEIN // DISEASE RESISTANCE RPP8-LIKE PROTEIN 3-RELATED,PF00931,NB-ARC
AT1G70970,(1 of 7) PTHR31672:SF2 - F-BOX ASSOCIATED UBIQUITINATION EFFECTOR FAMILY PROTEIN,PF00646,F-box
AT1G70970,(1 of 7) PTHR31672:SF2 - F-BOX ASSOCIATED UBIQUITINATION EFFECTOR FAMILY PROTEIN,PF08268,FBA_3
AT1G32910,(1 of 3) PTHR31642//PTHR31642:SF6 - FAMILY NOT NAMED // HXXXD-TYPE ACYL-TRANSFERASE-RELATED,PF02458,Transferase
AT1G05080,(1 of 44) PTHR32212//PTHR32212:SF112 - FAMILY NOT NAMED // FBD / LEUCINE RICH REPEAT DOMAINS CONTAINING PROTEIN-RELATED,PF00646,F-box
AT1G05080,(1 of 44) PTHR32212//PTHR32212:SF112 - FAMILY NOT NAMED // FBD / LEUCINE RICH REPEAT DOMAINS CONTAINING PROTEIN-RELATED,PF08387,FBD
AT1G05080,(1 of 44) PTHR32212//PTHR32212:SF112 - FAMILY NOT NAMED // FBD / LEUCINE RICH REPEAT DOMAINS CONTAINING PROTEIN-RELATED,PF07723,LRR_2
AT1G53790,"(1 of 1) PTHR11603:SF132 - MAGNESIUM-CHELATASE SUBUNIT CHLI-1, CHLOROPLASTIC",PF00646,F-box
AT1G53790,"(1 of 1) PTHR11603:SF132 - MAGNESIUM-CHELATASE SUBUNIT CHLI-1, CHLOROPLASTIC",PF08268,FBA_3
AT1G47810,(1 of 92) PTHR31790//PTHR31790:SF10 - FAMILY NOT NAMED // F-BOX ASSOCIATED UBIQUITINATION EFFECTOR FAMILY PROTEIN-RELATED,PF00646,F-box
AT1G47810,(1 of 92) PTHR31790//PTHR31790:SF10 - FAMILY NOT NAMED // F-BOX ASSOCIATED UBIQUITINATION EFFECTOR FAMILY PROTEIN-RELATED,PF08268,FBA_3
AT1G61180,(1 of 21) PTHR23155//PTHR23155:SF639 - LEUCINE-RICH REPEAT-CONTAINING PROTEIN // DISEASE RESISTANCE PROTEIN RFL1-RELATED,PF00931,NB-ARC
AT1G61180,(1 of 21) PTHR23155//PTHR23155:SF639 - LEUCINE-RICH REPEAT-CONTAINING PROTEIN // DISEASE RESISTANCE PROTEIN RFL1-RELATED,PF13855,LRR_8
AT1G15890,(1 of 21) PTHR23155//PTHR23155:SF639 - LEUCINE-RICH REPEAT-CONTAINING PROTEIN // DISEASE RESISTANCE PROTEIN RFL1-RELATED,PF00931,NB-ARC
AT1G15890,(1 of 21) PTHR23155//PTHR23155:SF639 - LEUCINE-RICH REPEAT-CONTAINING PROTEIN // DISEASE RESISTANCE PROTEIN RFL1-RELATED,PF13855,LRR_8
AT1G51860,(1 of 13) PF07714//PF12819 - Protein tyrosine kinase (Pkinase_Tyr) // Carbohydrate-binding protein of the ER (Malectin_like),PF07714,Pkinase_Tyr
AT1G51860,(1 of 13) PF07714//PF12819 - Protein tyrosine kinase (Pkinase_Tyr) // Carbohydrate-binding protein of the ER (Malectin_like),PF12819,Malectin_like
AT1G78760,(1 of 17) PF00646//PF08387 - F-box domain (F-box) // FBD (FBD),PF00646,F-box
AT1G78760,(1 of 17) PF00646//PF08387 - F-box domain (F-box) // FBD (FBD),PF08387,FBD
AT1G51870,(1 of 13) PF07714//PF12819 - Protein tyrosine kinase (Pkinase_Tyr) // Carbohydrate-binding protein of the ER (Malectin_like),PF07714,Pkinase_Tyr
AT1G51870,(1 of 13) PF07714//PF12819 - Protein tyrosine kinase (Pkinase_Tyr) // Carbohydrate-binding protein of the ER (Malectin_like),PF12819,Malectin_like
AT1G52495,(1 of 92) PTHR31790//PTHR31790:SF10 - FAMILY NOT NAMED // F-BOX ASSOCIATED UBIQUITINATION EFFECTOR FAMILY PROTEIN-RELATED,PF00646,F-box
AT1G51890,(1 of 2) PF00069//PF07714//PF12819//PF13855 - Protein kinase domain (Pkinase) // Protein tyrosine kinase (Pkinase_Tyr) // Carbohydrate-binding protein of the ER (Malectin_like) // Leucine rich repeat (LRR_8),PF07714,Pkinase_Tyr
AT1G51890,(1 of 2) PF00069//PF07714//PF12819//PF13855 - Protein kinase domain (Pkinase) // Protein tyrosine kinase (Pkinase_Tyr) // Carbohydrate-binding protein of the ER (Malectin_like) // Leucine rich repeat (LRR_8),PF12819,Malectin_like
AT1G51890,(1 of 2) PF00069//PF07714//PF12819//PF13855 - Protein kinase domain (Pkinase) // Protein tyrosine kinase (Pkinase_Tyr) // Carbohydrate-binding protein of the ER (Malectin_like) // Leucine rich repeat (LRR_8),PF13855,LRR_8
AT1G51890,(1 of 2) PF00069//PF07714//PF12819//PF13855 - Protein kinase domain (Pkinase) // Protein tyrosine kinase (Pkinase_Tyr) // Carbohydrate-binding protein of the ER (Malectin_like) // Leucine rich repeat (LRR_8),PF00069,Pkinase
AT1G59620,(1 of 5) PF13191 - AAA ATPase domain (AAA_16),PF13191,AAA_16
AT1G61190,(1 of 21) PTHR23155//PTHR23155:SF639 - LEUCINE-RICH REPEAT-CONTAINING PROTEIN // DISEASE RESISTANCE PROTEIN RFL1-RELATED,PF00931,NB-ARC
AT1G61190,(1 of 21) PTHR23155//PTHR23155:SF639 - LEUCINE-RICH REPEAT-CONTAINING PROTEIN // DISEASE RESISTANCE PROTEIN RFL1-RELATED,PF13855,LRR_8
AT1G10620,(1 of 6) PTHR27001//PTHR27001:SF36 - FAMILY NOT NAMED // PROLINE-RICH RECEPTOR-LIKE PROTEIN KINASE PERK12-RELATED,PF07714,Pkinase_Tyr
AT1G51820,(1 of 10) PF00069//PF12819//PF13855 - Protein kinase domain (Pkinase) // Carbohydrate-binding protein of the ER (Malectin_like) // Leucine rich repeat (LRR_8),PF00069,Pkinase
AT1G51820,(1 of 10) PF00069//PF12819//PF13855 - Protein kinase domain (Pkinase) // Carbohydrate-binding protein of the ER (Malectin_like) // Leucine rich repeat (LRR_8),PF12819,Malectin_like
AT1G51820,(1 of 10) PF00069//PF12819//PF13855 - Protein kinase domain (Pkinase) // Carbohydrate-binding protein of the ER (Malectin_like) // Leucine rich repeat (LRR_8),PF13855,LRR_8
AT1G51830,(1 of 14) PF07714//PF12819//PF13855 - Protein tyrosine kinase (Pkinase_Tyr) // Carbohydrate-binding protein of the ER (Malectin_like) // Leucine rich repeat (LRR_8),PF07714,Pkinase_Tyr
AT1G51830,(1 of 14) PF07714//PF12819//PF13855 - Protein tyrosine kinase (Pkinase_Tyr) // Carbohydrate-binding protein of the ER (Malectin_like) // Leucine rich repeat (LRR_8),PF12819,Malectin_like
AT1G51830,(1 of 14) PF07714//PF12819//PF13855 - Protein tyrosine kinase (Pkinase_Tyr) // Carbohydrate-binding protein of the ER (Malectin_like) // Leucine rich repeat (LRR_8),PF13855,LRR_8
AT1G24420,(1 of 2) 2.3.1.150 - Salutaridinol 7-O-acetyltransferase,PF02458,Transferase
AT1G61300,(1 of 21) PTHR23155//PTHR23155:SF639 - LEUCINE-RICH REPEAT-CONTAINING PROTEIN // DISEASE RESISTANCE PROTEIN RFL1-RELATED,PF00931,NB-ARC
AT1G61300,(1 of 21) PTHR23155//PTHR23155:SF639 - LEUCINE-RICH REPEAT-CONTAINING PROTEIN // DISEASE RESISTANCE PROTEIN RFL1-RELATED,PF13855,LRR_8
AT1G31080,(1 of 92) PTHR31790//PTHR31790:SF10 - FAMILY NOT NAMED // F-BOX ASSOCIATED UBIQUITINATION EFFECTOR FAMILY PROTEIN-RELATED,PF00646,F-box
AT1G31080,(1 of 92) PTHR31790//PTHR31790:SF10 - FAMILY NOT NAMED // F-BOX ASSOCIATED UBIQUITINATION EFFECTOR FAMILY PROTEIN-RELATED,PF08268,FBA_3
AT1G53550,(1 of 92) PTHR31790//PTHR31790:SF10 - FAMILY NOT NAMED // F-BOX ASSOCIATED UBIQUITINATION EFFECTOR FAMILY PROTEIN-RELATED,PF00646,F-box
AT1G53550,(1 of 92) PTHR31790//PTHR31790:SF10 - FAMILY NOT NAMED // F-BOX ASSOCIATED UBIQUITINATION EFFECTOR FAMILY PROTEIN-RELATED,PF08268,FBA_3
AT1G47800,(1 of 92) PTHR31790//PTHR31790:SF10 - FAMILY NOT NAMED // F-BOX ASSOCIATED UBIQUITINATION EFFECTOR FAMILY PROTEIN-RELATED,PF00646,F-box
AT1G47800,(1 of 92) PTHR31790//PTHR31790:SF10 - FAMILY NOT NAMED // F-BOX ASSOCIATED UBIQUITINATION EFFECTOR FAMILY PROTEIN-RELATED,PF08268,FBA_3
AT1G27620,(1 of 7) 2.3.1.188 - Omega-hydroxypalmitate O-feruloyl transferase / O-hydroxycinnamoyltransferase,PF02458,Transferase
AT1G51800,(1 of 14) PF07714//PF12819//PF13855 - Protein tyrosine kinase (Pkinase_Tyr) // Carbohydrate-binding protein of the ER (Malectin_like) // Leucine rich repeat (LRR_8),PF07714,Pkinase_Tyr
AT1G51800,(1 of 14) PF07714//PF12819//PF13855 - Protein tyrosine kinase (Pkinase_Tyr) // Carbohydrate-binding protein of the ER (Malectin_like) // Leucine rich repeat (LRR_8),PF12819,Malectin_like
AT1G51800,(1 of 14) PF07714//PF12819//PF13855 - Protein tyrosine kinase (Pkinase_Tyr) // Carbohydrate-binding protein of the ER (Malectin_like) // Leucine rich repeat (LRR_8),PF13855,LRR_8
AT1G12210,(1 of 21) PTHR23155//PTHR23155:SF639 - LEUCINE-RICH REPEAT-CONTAINING PROTEIN // DISEASE RESISTANCE PROTEIN RFL1-RELATED,PF00931,NB-ARC
AT1G12210,(1 of 21) PTHR23155//PTHR23155:SF639 - LEUCINE-RICH REPEAT-CONTAINING PROTEIN // DISEASE RESISTANCE PROTEIN RFL1-RELATED,PF13855,LRR_8
AT1G31490,(1 of 1) PTHR31642//PTHR31642:SF24 - FAMILY NOT NAMED // HXXXD-TYPE ACYL-TRANSFERASE-LIKE PROTEIN,PF02458,Transferase
AT1G47940,(1 of 6) KOG1971 - Lysyl hydroxylase,,
AT1G48700,"(1 of 2) 1.14.11.4//2.4.1.50 - Procollagen-lysine 5-dioxygenase / Procollagen-lysine,2-oxoglutarate 5-dioxygenase // Procollagen galactosyltransferase / Hydroxylysine galactosyltransferase",,
AT1G31000,(1 of 92) PTHR31790//PTHR31790:SF10 - FAMILY NOT NAMED // F-BOX ASSOCIATED UBIQUITINATION EFFECTOR FAMILY PROTEIN-RELATED,PF00646,F-box
AT1G31000,(1 of 92) PTHR31790//PTHR31790:SF10 - FAMILY NOT NAMED // F-BOX ASSOCIATED UBIQUITINATION EFFECTOR FAMILY PROTEIN-RELATED,PF08268,FBA_3
AT1G28330,(1 of 5) PF05564 - Dormancy/auxin associated protein (Auxin_repressed),PF05564,Auxin_repressed
AT1G30930,(1 of 92) PTHR31790//PTHR31790:SF10 - FAMILY NOT NAMED // F-BOX ASSOCIATED UBIQUITINATION EFFECTOR FAMILY PROTEIN-RELATED,PF00646,F-box
AT1G30930,(1 of 92) PTHR31790//PTHR31790:SF10 - FAMILY NOT NAMED // F-BOX ASSOCIATED UBIQUITINATION EFFECTOR FAMILY PROTEIN-RELATED,PF08268,FBA_3
AT1G48060,(1 of 92) PTHR31790//PTHR31790:SF10 - FAMILY NOT NAMED // F-BOX ASSOCIATED UBIQUITINATION EFFECTOR FAMILY PROTEIN-RELATED,PF00646,F-box
AT1G56220,(1 of 1) PTHR33565//PTHR33565:SF1 - FAMILY NOT NAMED // DORMANCY/AUXIN ASSOCIATED PROTEIN,PF05564,Auxin_repressed
AT1G59675,(1 of 92) PTHR31790//PTHR31790:SF10 - FAMILY NOT NAMED // F-BOX ASSOCIATED UBIQUITINATION EFFECTOR FAMILY PROTEIN-RELATED,PF00646,F-box
AT1G52290,(1 of 1) PTHR27001//PTHR27001:SF27 - FAMILY NOT NAMED // PROLINE-RICH RECEPTOR-LIKE PROTEIN KINASE PERK15,PF07714,Pkinase_Tyr
AT1G10920,(1 of 16) PTHR23155//PTHR23155:SF549 - LEUCINE-RICH REPEAT-CONTAINING PROTEIN // DISEASE RESISTANCE RPP8-LIKE PROTEIN 3-RELATED,PF00931,NB-ARC
AT1G12280,(1 of 21) PTHR23155//PTHR23155:SF639 - LEUCINE-RICH REPEAT-CONTAINING PROTEIN // DISEASE RESISTANCE PROTEIN RFL1-RELATED,PF00931,NB-ARC
AT1G12280,(1 of 21) PTHR23155//PTHR23155:SF639 - LEUCINE-RICH REPEAT-CONTAINING PROTEIN // DISEASE RESISTANCE PROTEIN RFL1-RELATED,PF13855,LRR_8
AT1G12290,(1 of 21) PTHR23155//PTHR23155:SF639 - LEUCINE-RICH REPEAT-CONTAINING PROTEIN // DISEASE RESISTANCE PROTEIN RFL1-RELATED,PF00931,NB-ARC
AT1G12290,(1 of 21) PTHR23155//PTHR23155:SF639 - LEUCINE-RICH REPEAT-CONTAINING PROTEIN // DISEASE RESISTANCE PROTEIN RFL1-RELATED,PF13855,LRR_8
AT1G47765,(1 of 92) PTHR31790//PTHR31790:SF10 - FAMILY NOT NAMED // F-BOX ASSOCIATED UBIQUITINATION EFFECTOR FAMILY PROTEIN-RELATED,PF00646,F-box
AT1G47765,(1 of 92) PTHR31790//PTHR31790:SF10 - FAMILY NOT NAMED // F-BOX ASSOCIATED UBIQUITINATION EFFECTOR FAMILY PROTEIN-RELATED,PF08268,FBA_3
AT1G21990,(1 of 529) PF00646 - F-box domain (F-box),PF00646,F-box
AT1G53815,(1 of 92) PTHR31790//PTHR31790:SF10 - FAMILY NOT NAMED // F-BOX ASSOCIATED UBIQUITINATION EFFECTOR FAMILY PROTEIN-RELATED,PF00646,F-box
AT1G68690,(1 of 6) PTHR27001//PTHR27001:SF36 - FAMILY NOT NAMED // PROLINE-RICH RECEPTOR-LIKE PROTEIN KINASE PERK12-RELATED,PF00069,Pkinase
AT1G58400,(1 of 16) PTHR23155//PTHR23155:SF549 - LEUCINE-RICH REPEAT-CONTAINING PROTEIN // DISEASE RESISTANCE RPP8-LIKE PROTEIN 3-RELATED,PF00931,NB-ARC
AT1G46984,(1 of 92) PTHR31790//PTHR31790:SF10 - FAMILY NOT NAMED // F-BOX ASSOCIATED UBIQUITINATION EFFECTOR FAMILY PROTEIN-RELATED,PF00646,F-box
AT1G46984,(1 of 92) PTHR31790//PTHR31790:SF10 - FAMILY NOT NAMED // F-BOX ASSOCIATED UBIQUITINATION EFFECTOR FAMILY PROTEIN-RELATED,PF08268,FBA_3
AT1G70960,(1 of 7) PTHR31672:SF2 - F-BOX ASSOCIATED UBIQUITINATION EFFECTOR FAMILY PROTEIN,PF00646,F-box
AT1G70960,(1 of 7) PTHR31672:SF2 - F-BOX ASSOCIATED UBIQUITINATION EFFECTOR FAMILY PROTEIN,PF08268,FBA_3
AT1G67130,(1 of 92) PTHR31790//PTHR31790:SF10 - FAMILY NOT NAMED // F-BOX ASSOCIATED UBIQUITINATION EFFECTOR FAMILY PROTEIN-RELATED,PF00646,F-box
AT1G67130,(1 of 92) PTHR31790//PTHR31790:SF10 - FAMILY NOT NAMED // F-BOX ASSOCIATED UBIQUITINATION EFFECTOR FAMILY PROTEIN-RELATED,PF08268,FBA_3
AT1G58390,(1 of 16) PTHR23155//PTHR23155:SF549 - LEUCINE-RICH REPEAT-CONTAINING PROTEIN // DISEASE RESISTANCE RPP8-LIKE PROTEIN 3-RELATED,PF00931,NB-ARC
AT1G26510,(1 of 92) PTHR31790//PTHR31790:SF10 - FAMILY NOT NAMED // F-BOX ASSOCIATED UBIQUITINATION EFFECTOR FAMILY PROTEIN-RELATED,PF08268,FBA_3
AT1G28680,(1 of 1) 2.3.1.167 - 10-deacetylbaccatin III 10-O-acetyltransferase,PF02458,Transferase
AT1G51480,(1 of 21) PTHR23155//PTHR23155:SF639 - LEUCINE-RICH REPEAT-CONTAINING PROTEIN // DISEASE RESISTANCE PROTEIN RFL1-RELATED,PF00931,NB-ARC
AT1G51480,(1 of 21) PTHR23155//PTHR23155:SF639 - LEUCINE-RICH REPEAT-CONTAINING PROTEIN // DISEASE RESISTANCE PROTEIN RFL1-RELATED,PF13855,LRR_8
AT1G78750,(1 of 69) PTHR32212//PTHR32212:SF126 - FAMILY NOT NAMED // EMB|CAB62440.1-RELATED,PF00646,F-box
AT1G78750,(1 of 69) PTHR32212//PTHR32212:SF126 - FAMILY NOT NAMED // EMB|CAB62440.1-RELATED,PF08387,FBD
AT1G78750,(1 of 69) PTHR32212//PTHR32212:SF126 - FAMILY NOT NAMED // EMB|CAB62440.1-RELATED,PF07723,LRR_2
AT1G59124,(1 of 16) PTHR23155//PTHR23155:SF549 - LEUCINE-RICH REPEAT-CONTAINING PROTEIN // DISEASE RESISTANCE RPP8-LIKE PROTEIN 3-RELATED,PF00931,NB-ARC
AT1G70380,(1 of 7) PTHR31672:SF2 - F-BOX ASSOCIATED UBIQUITINATION EFFECTOR FAMILY PROTEIN,PF00646,F-box
AT1G70380,(1 of 7) PTHR31672:SF2 - F-BOX ASSOCIATED UBIQUITINATION EFFECTOR FAMILY PROTEIN,PF08268,FBA_3
AT1G78990,(1 of 3) PTHR31642//PTHR31642:SF6 - FAMILY NOT NAMED // HXXXD-TYPE ACYL-TRANSFERASE-RELATED,PF02458,Transferase
AT1G63350,(1 of 21) PTHR23155//PTHR23155:SF639 - LEUCINE-RICH REPEAT-CONTAINING PROTEIN // DISEASE RESISTANCE PROTEIN RFL1-RELATED,PF00931,NB-ARC
AT1G63350,(1 of 21) PTHR23155//PTHR23155:SF639 - LEUCINE-RICH REPEAT-CONTAINING PROTEIN // DISEASE RESISTANCE PROTEIN RFL1-RELATED,PF13855,LRR_8
AT1G47340,(1 of 92) PTHR31790//PTHR31790:SF10 - FAMILY NOT NAMED // F-BOX ASSOCIATED UBIQUITINATION EFFECTOR FAMILY PROTEIN-RELATED,PF00646,F-box
AT1G47340,(1 of 92) PTHR31790//PTHR31790:SF10 - FAMILY NOT NAMED // F-BOX ASSOCIATED UBIQUITINATION EFFECTOR FAMILY PROTEIN-RELATED,PF08268,FBA_3
AT1G51620,(1 of 7) KOG1187//KOG2345 - Serine/threonine protein kinase // Serine/threonine protein kinase/TGF-beta stimulated factor,PF07714,Pkinase_Tyr
AT1G03940,(1 of 2) PTHR31625:SF2 - COUMAROYL-COA:ANTHOCYANIDIN 3-O-GLUCOSIDE-6''-O-COUMAROYLTRANSFERASE 1-RELATED,PF02458,Transferase
AT1G22000,(1 of 44) PTHR32212//PTHR32212:SF112 - FAMILY NOT NAMED // FBD / LEUCINE RICH REPEAT DOMAINS CONTAINING PROTEIN-RELATED,PF00646,F-box
AT1G22000,(1 of 44) PTHR32212//PTHR32212:SF112 - FAMILY NOT NAMED // FBD / LEUCINE RICH REPEAT DOMAINS CONTAINING PROTEIN-RELATED,PF08387,FBD
AT1G22000,(1 of 44) PTHR32212//PTHR32212:SF112 - FAMILY NOT NAMED // FBD / LEUCINE RICH REPEAT DOMAINS CONTAINING PROTEIN-RELATED,PF07723,LRR_2
AT1G46840,(1 of 92) PTHR31790//PTHR31790:SF10 - FAMILY NOT NAMED // F-BOX ASSOCIATED UBIQUITINATION EFFECTOR FAMILY PROTEIN-RELATED,PF00646,F-box
AT1G46840,(1 of 92) PTHR31790//PTHR31790:SF10 - FAMILY NOT NAMED // F-BOX ASSOCIATED UBIQUITINATION EFFECTOR FAMILY PROTEIN-RELATED,PF08268,FBA_3
AT1G19410,(1 of 44) PTHR32212//PTHR32212:SF112 - FAMILY NOT NAMED // FBD / LEUCINE RICH REPEAT DOMAINS CONTAINING PROTEIN-RELATED,PF08387,FBD
AT1G19410,(1 of 44) PTHR32212//PTHR32212:SF112 - FAMILY NOT NAMED // FBD / LEUCINE RICH REPEAT DOMAINS CONTAINING PROTEIN-RELATED,PF07723,LRR_2
AT1G47300,(1 of 92) PTHR31790//PTHR31790:SF10 - FAMILY NOT NAMED // F-BOX ASSOCIATED UBIQUITINATION EFFECTOR FAMILY PROTEIN-RELATED,PF00646,F-box
AT1G22950,"(1 of 5) 1.14.11.4 - Procollagen-lysine 5-dioxygenase / Procollagen-lysine,2-oxoglutarate 5-dioxygenase",,
AT1G59218,(1 of 16) PTHR23155//PTHR23155:SF549 - LEUCINE-RICH REPEAT-CONTAINING PROTEIN // DISEASE RESISTANCE RPP8-LIKE PROTEIN 3-RELATED,PF00931,NB-ARC
AT1G53360,(1 of 92) PTHR31790//PTHR31790:SF10 - FAMILY NOT NAMED // F-BOX ASSOCIATED UBIQUITINATION EFFECTOR FAMILY PROTEIN-RELATED,PF08268,FBA_3
AT1G26515,(1 of 92) PTHR31790//PTHR31790:SF10 - FAMILY NOT NAMED // F-BOX ASSOCIATED UBIQUITINATION EFFECTOR FAMILY PROTEIN-RELATED,PF00646,F-box
AT1G26515,(1 of 92) PTHR31790//PTHR31790:SF10 - FAMILY NOT NAMED // F-BOX ASSOCIATED UBIQUITINATION EFFECTOR FAMILY PROTEIN-RELATED,PF07734,FBA_1
AT1G32900,(1 of 1) 2.4.1.242 - NDP-glucose--starch glucosyltransferase / Waxy protein,PF00534,Glycos_transf_1
AT1G32900,(1 of 1) 2.4.1.242 - NDP-glucose--starch glucosyltransferase / Waxy protein,PF08323,Glyco_transf_5
AT1G58410,(1 of 16) PTHR23155//PTHR23155:SF549 - LEUCINE-RICH REPEAT-CONTAINING PROTEIN // DISEASE RESISTANCE RPP8-LIKE PROTEIN 3-RELATED,PF00931,NB-ARC
AT1G47730,(1 of 92) PTHR31790//PTHR31790:SF10 - FAMILY NOT NAMED // F-BOX ASSOCIATED UBIQUITINATION EFFECTOR FAMILY PROTEIN-RELATED,PF00646,F-box
AT1G47730,(1 of 92) PTHR31790//PTHR31790:SF10 - FAMILY NOT NAMED // F-BOX ASSOCIATED UBIQUITINATION EFFECTOR FAMILY PROTEIN-RELATED,PF07734,FBA_1
AT1G31090,(1 of 92) PTHR31790//PTHR31790:SF10 - FAMILY NOT NAMED // F-BOX ASSOCIATED UBIQUITINATION EFFECTOR FAMILY PROTEIN-RELATED,PF00646,F-box
AT1G31090,(1 of 92) PTHR31790//PTHR31790:SF10 - FAMILY NOT NAMED // F-BOX ASSOCIATED UBIQUITINATION EFFECTOR FAMILY PROTEIN-RELATED,PF08268,FBA_3
AT1G66310,(1 of 69) PTHR32212//PTHR32212:SF126 - FAMILY NOT NAMED // EMB|CAB62440.1-RELATED,PF00646,F-box
AT1G66310,(1 of 69) PTHR32212//PTHR32212:SF126 - FAMILY NOT NAMED // EMB|CAB62440.1-RELATED,PF08387,FBD
AT1G66310,(1 of 69) PTHR32212//PTHR32212:SF126 - FAMILY NOT NAMED // EMB|CAB62440.1-RELATED,PF07723,LRR_2
AT1G11720,(1 of 1) PTHR12526//PTHR12526:SF341 - GLYCOSYLTRANSFERASE // SUBFAMILY NOT NAMED,PF08323,Glyco_transf_5
AT1G11720,(1 of 1) PTHR12526//PTHR12526:SF341 - GLYCOSYLTRANSFERASE // SUBFAMILY NOT NAMED,PF16760,CBM53
AT1G57690,(1 of 18) PTHR32153//PTHR32153:SF2 - FAMILY NOT NAMED // F-BOX/LRR-REPEAT PROTEIN 25-RELATED,PF00646,F-box
AT1G20720,"(1 of 2) K15362 - fanconi anemia group J protein (BRIP1, BACH1, FANCJ)",PF06733,DEAD_2
AT1G20720,"(1 of 2) K15362 - fanconi anemia group J protein (BRIP1, BACH1, FANCJ)",PF13307,Helicase_C_2
AT1G79950,(1 of 1) K11136 - regulator of telomere elongation helicase 1 [EC:3.6.4.12] (RTEL1),PF06733,DEAD_2
AT1G79950,(1 of 1) K11136 - regulator of telomere elongation helicase 1 [EC:3.6.4.12] (RTEL1),PF13307,Helicase_C_2
AT1G52660,(1 of 1) PTHR23155//PTHR23155:SF478 - LEUCINE-RICH REPEAT-CONTAINING PROTEIN // LEUCINE-RICH REPEAT-CONTAINING PROTEIN SOG2,PF01637,Arch_ATPase
AT1G24430,(1 of 1) PTHR31623//PTHR31623:SF3 - FAMILY NOT NAMED // F21J9.9,PF02458,Transferase
AT1G61310,(1 of 21) PTHR23155//PTHR23155:SF639 - LEUCINE-RICH REPEAT-CONTAINING PROTEIN // DISEASE RESISTANCE PROTEIN RFL1-RELATED,PF00931,NB-ARC
AT1G61310,(1 of 21) PTHR23155//PTHR23155:SF639 - LEUCINE-RICH REPEAT-CONTAINING PROTEIN // DISEASE RESISTANCE PROTEIN RFL1-RELATED,PF13855,LRR_8
AT1G51055,(1 of 69) PTHR32212//PTHR32212:SF126 - FAMILY NOT NAMED // EMB|CAB62440.1-RELATED,PF08387,FBD
AT1G33020,(1 of 92) PTHR31790//PTHR31790:SF10 - FAMILY NOT NAMED // F-BOX ASSOCIATED UBIQUITINATION EFFECTOR FAMILY PROTEIN-RELATED,PF00646,F-box
AT1G33020,(1 of 92) PTHR31790//PTHR31790:SF10 - FAMILY NOT NAMED // F-BOX ASSOCIATED UBIQUITINATION EFFECTOR FAMILY PROTEIN-RELATED,PF08268,FBA_3
AT1G03190,"(1 of 1) K10844 - DNA excision repair protein ERCC-2 (ERCC2, XPD)",PF04851,ResIII
AT1G03190,"(1 of 1) K10844 - DNA excision repair protein ERCC-2 (ERCC2, XPD)",PF06777,DUF1227
AT1G03190,"(1 of 1) K10844 - DNA excision repair protein ERCC-2 (ERCC2, XPD)",PF13307,Helicase_C_2
AT1G07550,(1 of 14) PF07714//PF12819//PF13855 - Protein tyrosine kinase (Pkinase_Tyr) // Carbohydrate-binding protein of the ER (Malectin_like) // Leucine rich repeat (LRR_8),PF07714,Pkinase_Tyr
AT1G07550,(1 of 14) PF07714//PF12819//PF13855 - Protein tyrosine kinase (Pkinase_Tyr) // Carbohydrate-binding protein of the ER (Malectin_like) // Leucine rich repeat (LRR_8),PF12819,Malectin_like
AT1G07550,(1 of 14) PF07714//PF12819//PF13855 - Protein tyrosine kinase (Pkinase_Tyr) // Carbohydrate-binding protein of the ER (Malectin_like) // Leucine rich repeat (LRR_8),PF13855,LRR_8
AT1G51880,(1 of 13) PF07714//PF12819 - Protein tyrosine kinase (Pkinase_Tyr) // Carbohydrate-binding protein of the ER (Malectin_like),PF07714,Pkinase_Tyr
AT1G51880,(1 of 13) PF07714//PF12819 - Protein tyrosine kinase (Pkinase_Tyr) // Carbohydrate-binding protein of the ER (Malectin_like),PF12819,Malectin_like
AT1G30925,(1 of 92) PTHR31790//PTHR31790:SF10 - FAMILY NOT NAMED // F-BOX ASSOCIATED UBIQUITINATION EFFECTOR FAMILY PROTEIN-RELATED,PF00646,F-box
AT1G30925,(1 of 92) PTHR31790//PTHR31790:SF10 - FAMILY NOT NAMED // F-BOX ASSOCIATED UBIQUITINATION EFFECTOR FAMILY PROTEIN-RELATED,PF08268,FBA_3
AT1G20750,"(1 of 2) K15362 - fanconi anemia group J protein (BRIP1, BACH1, FANCJ)",PF06733,DEAD_2
AT1G20750,"(1 of 2) K15362 - fanconi anemia group J protein (BRIP1, BACH1, FANCJ)",PF13307,Helicase_C_2
AT1G65450,(1 of 1) 2.3.1.188//2.3.1.99 - Omega-hydroxypalmitate O-feruloyl transferase / O-hydroxycinnamoyltransferase // Quinate O-hydroxycinnamoyltransferase / Hydroxycinnamoyl coenzyme A-quinate transferase,PF02458,Transferase
AT1G05700,(1 of 3) PF00560//PF07714//PF12819 - Leucine Rich Repeat (LRR_1) // Protein tyrosine kinase (Pkinase_Tyr) // Carbohydrate-binding protein of the ER (Malectin_like),PF00560,LRR_1
AT1G05700,(1 of 3) PF00560//PF07714//PF12819 - Leucine Rich Repeat (LRR_1) // Protein tyrosine kinase (Pkinase_Tyr) // Carbohydrate-binding protein of the ER (Malectin_like),PF07714,Pkinase_Tyr
AT1G05700,(1 of 3) PF00560//PF07714//PF12819 - Leucine Rich Repeat (LRR_1) // Protein tyrosine kinase (Pkinase_Tyr) // Carbohydrate-binding protein of the ER (Malectin_like),PF12819,Malectin_like
AT1G32420,(1 of 92) PTHR31790//PTHR31790:SF10 - FAMILY NOT NAMED // F-BOX ASSOCIATED UBIQUITINATION EFFECTOR FAMILY PROTEIN-RELATED,PF00646,F-box
AT1G32420,(1 of 92) PTHR31790//PTHR31790:SF10 - FAMILY NOT NAMED // F-BOX ASSOCIATED UBIQUITINATION EFFECTOR FAMILY PROTEIN-RELATED,PF08268,FBA_3
AT1G54070,(1 of 1) PTHR33565:SF3 - DORMANCY/AUXIN ASSOCIATED FAMILY PROTEIN,PF05564,Auxin_repressed
AT1G07560,(1 of 10) PF00069//PF12819//PF13855 - Protein kinase domain (Pkinase) // Carbohydrate-binding protein of the ER (Malectin_like) // Leucine rich repeat (LRR_8),PF00069,Pkinase
AT1G07560,(1 of 10) PF00069//PF12819//PF13855 - Protein kinase domain (Pkinase) // Carbohydrate-binding protein of the ER (Malectin_like) // Leucine rich repeat (LRR_8),PF12819,Malectin_like
AT1G07560,(1 of 10) PF00069//PF12819//PF13855 - Protein kinase domain (Pkinase) // Carbohydrate-binding protein of the ER (Malectin_like) // Leucine rich repeat (LRR_8),PF13855,LRR_8
AT1G23540,(1 of 6) PTHR27001//PTHR27001:SF36 - FAMILY NOT NAMED // PROLINE-RICH RECEPTOR-LIKE PROTEIN KINASE PERK12-RELATED,PF07714,Pkinase_Tyr
AT1G59690,(1 of 92) PTHR31790//PTHR31790:SF10 - FAMILY NOT NAMED // F-BOX ASSOCIATED UBIQUITINATION EFFECTOR FAMILY PROTEIN-RELATED,PF08268,FBA_3
AT1G50180,(1 of 1) PTHR23155//PTHR23155:SF634 - LEUCINE-RICH REPEAT-CONTAINING PROTEIN // SUBFAMILY NOT NAMED,PF00931,NB-ARC
AT1G66290,(1 of 69) PTHR32212//PTHR32212:SF126 - FAMILY NOT NAMED // EMB|CAB62440.1-RELATED,PF00646,F-box
AT1G66290,(1 of 69) PTHR32212//PTHR32212:SF126 - FAMILY NOT NAMED // EMB|CAB62440.1-RELATED,PF08387,FBD
AT1G66290,(1 of 69) PTHR32212//PTHR32212:SF126 - FAMILY NOT NAMED // EMB|CAB62440.1-RELATED,PF07723,LRR_2
AT1G13570,(1 of 56) PF00646//PF07723//PF08387 - F-box domain (F-box) // Leucine Rich Repeat (LRR_2) // FBD (FBD),PF00646,F-box
AT1G13570,(1 of 56) PF00646//PF07723//PF08387 - F-box domain (F-box) // Leucine Rich Repeat (LRR_2) // FBD (FBD),PF08387,FBD
AT1G13570,(1 of 56) PF00646//PF07723//PF08387 - F-box domain (F-box) // Leucine Rich Repeat (LRR_2) // FBD (FBD),PF07723,LRR_2
AT1G70390,(1 of 7) PTHR31672:SF2 - F-BOX ASSOCIATED UBIQUITINATION EFFECTOR FAMILY PROTEIN,PF00646,F-box
AT1G70390,(1 of 7) PTHR31672:SF2 - F-BOX ASSOCIATED UBIQUITINATION EFFECTOR FAMILY PROTEIN,PF08268,FBA_3
AT1G69630,(1 of 17) PF00646//PF08387 - F-box domain (F-box) // FBD (FBD),PF00646,F-box
AT1G69630,(1 of 17) PF00646//PF08387 - F-box domain (F-box) // FBD (FBD),PF08387,FBD
AT1G79890,"(1 of 1) K11273 - chromosome transmission fidelity protein 1 [EC:3.6.4.13] (DDX11, CHL1, CTF1)",PF06733,DEAD_2
AT1G79890,"(1 of 1) K11273 - chromosome transmission fidelity protein 1 [EC:3.6.4.13] (DDX11, CHL1, CTF1)",PF13307,Helicase_C_2
AT1G19160,(1 of 92) PTHR31790//PTHR31790:SF10 - FAMILY NOT NAMED // F-BOX ASSOCIATED UBIQUITINATION EFFECTOR FAMILY PROTEIN-RELATED,PF00646,F-box
AT1G19160,(1 of 92) PTHR31790//PTHR31790:SF10 - FAMILY NOT NAMED // F-BOX ASSOCIATED UBIQUITINATION EFFECTOR FAMILY PROTEIN-RELATED,PF08268,FBA_3
AT1G48740,"(1 of 2) 1.14.11.4//2.4.1.50 - Procollagen-lysine 5-dioxygenase / Procollagen-lysine,2-oxoglutarate 5-dioxygenase // Procollagen galactosyltransferase / Hydroxylysine galactosyltransferase",,
AT1G26890,(1 of 44) PTHR32212//PTHR32212:SF112 - FAMILY NOT NAMED // FBD / LEUCINE RICH REPEAT DOMAINS CONTAINING PROTEIN-RELATED,PF00646,F-box
AT1G26890,(1 of 44) PTHR32212//PTHR32212:SF112 - FAMILY NOT NAMED // FBD / LEUCINE RICH REPEAT DOMAINS CONTAINING PROTEIN-RELATED,PF08387,FBD
AT1G26890,(1 of 44) PTHR32212//PTHR32212:SF112 - FAMILY NOT NAMED // FBD / LEUCINE RICH REPEAT DOMAINS CONTAINING PROTEIN-RELATED,PF07723,LRR_2
AT1G46912,(1 of 1) PF00646//PF07734//PF08268 - F-box domain (F-box) // F-box associated (FBA_1) // F-box associated domain (FBA_3),PF07734,FBA_1
AT1G46912,(1 of 1) PF00646//PF07734//PF08268 - F-box domain (F-box) // F-box associated (FBA_1) // F-box associated domain (FBA_3),PF00646,F-box
AT1G46912,(1 of 1) PF00646//PF07734//PF08268 - F-box domain (F-box) // F-box associated (FBA_1) // F-box associated domain (FBA_3),PF08268,FBA_3
AT1G30920,(1 of 92) PTHR31790//PTHR31790:SF10 - FAMILY NOT NAMED // F-BOX ASSOCIATED UBIQUITINATION EFFECTOR FAMILY PROTEIN-RELATED,PF00646,F-box
AT1G30920,(1 of 92) PTHR31790//PTHR31790:SF10 - FAMILY NOT NAMED // F-BOX ASSOCIATED UBIQUITINATION EFFECTOR FAMILY PROTEIN-RELATED,PF07734,FBA_1
AT1G22930,(1 of 1) PTHR12832:SF11 - PROTEIN M05D6.2,PF05794,Tcp11
AT1G12220,(1 of 1) K13460 - disease resistance protein RPS5 (RPS5),PF00931,NB-ARC
AT1G12220,(1 of 1) K13460 - disease resistance protein RPS5 (RPS5),PF13855,LRR_8
AT1G52490,(1 of 92) PTHR31790//PTHR31790:SF10 - FAMILY NOT NAMED // F-BOX ASSOCIATED UBIQUITINATION EFFECTOR FAMILY PROTEIN-RELATED,PF00646,F-box
AT1G79620,(1 of 1) PTHR27003//PTHR27003:SF22 - FAMILY NOT NAMED // LEUCINE-RICH REPEAT RECEPTOR-LIKE PROTEIN KINASE,PF08263,LRRNT_2
AT1G79620,(1 of 1) PTHR27003//PTHR27003:SF22 - FAMILY NOT NAMED // LEUCINE-RICH REPEAT RECEPTOR-LIKE PROTEIN KINASE,PF07714,Pkinase_Tyr
AT1G53370,(1 of 92) PTHR31790//PTHR31790:SF10 - FAMILY NOT NAMED // F-BOX ASSOCIATED UBIQUITINATION EFFECTOR FAMILY PROTEIN-RELATED,PF00646,F-box
AT1G53370,(1 of 92) PTHR31790//PTHR31790:SF10 - FAMILY NOT NAMED // F-BOX ASSOCIATED UBIQUITINATION EFFECTOR FAMILY PROTEIN-RELATED,PF08268,FBA_3
AT1G50870,(1 of 92) PTHR31790//PTHR31790:SF10 - FAMILY NOT NAMED // F-BOX ASSOCIATED UBIQUITINATION EFFECTOR FAMILY PROTEIN-RELATED,PF00646,F-box
AT1G50870,(1 of 92) PTHR31790//PTHR31790:SF10 - FAMILY NOT NAMED // F-BOX ASSOCIATED UBIQUITINATION EFFECTOR FAMILY PROTEIN-RELATED,PF08268,FBA_3
AT3G18150,(1 of 18) PTHR32153//PTHR32153:SF2 - FAMILY NOT NAMED // F-BOX/LRR-REPEAT PROTEIN 25-RELATED,PF00646,F-box
AT3G45920,(1 of 70) 2.7.10.1//2.7.11.1 - Receptor protein-tyrosine kinase / Receptor protein tyrosine kinase // Non-specific serine/threonine protein kinase / Threonine-specific protein kinase,PF00069,Pkinase
AT3G07040,"(1 of 1) K13457 - disease resistance protein RPM1 (RPM1, RPS3)",PF00931,NB-ARC
AT3G47170,(1 of 4) PTHR31147:SF9 - HXXXD-TYPE ACYL-TRANSFERASE FAMILY PROTEIN-RELATED,PF02458,Transferase
AT3G29720,(1 of 6) 2.3.1.64 - Agmatine N(4)-coumaroyltransferase / p-coumaroyl-CoA-agmatine N-p-coumaroyltransferase,PF02458,Transferase
AT3G29670,(1 of 11) PTHR31625//PTHR31625:SF5 - FAMILY NOT NAMED // ACYLTRANSFERASE-LIKE PROTEIN-RELATED,PF02458,Transferase
AT3G50950,(1 of 2) PTHR23155:SF458 - DISEASE RESISTANCE RPP13-LIKE PROTEIN 4,PF00931,NB-ARC
AT3G57590,(1 of 92) PTHR31790//PTHR31790:SF10 - FAMILY NOT NAMED // F-BOX ASSOCIATED UBIQUITINATION EFFECTOR FAMILY PROTEIN-RELATED,PF00646,F-box
AT3G57590,(1 of 92) PTHR31790//PTHR31790:SF10 - FAMILY NOT NAMED // F-BOX ASSOCIATED UBIQUITINATION EFFECTOR FAMILY PROTEIN-RELATED,PF07734,FBA_1
AT3G29830,(1 of 529) PF00646 - F-box domain (F-box),PF00646,F-box
AT3G54910,(1 of 44) PTHR32212//PTHR32212:SF112 - FAMILY NOT NAMED // FBD / LEUCINE RICH REPEAT DOMAINS CONTAINING PROTEIN-RELATED,PF08387,FBD
AT3G54910,(1 of 44) PTHR32212//PTHR32212:SF112 - FAMILY NOT NAMED // FBD / LEUCINE RICH REPEAT DOMAINS CONTAINING PROTEIN-RELATED,PF07723,LRR_2
AT3G11540,"(1 of 1) PTHR23083//PTHR23083:SF397 - TETRATRICOPEPTIDE REPEAT PROTEIN, TPR // UDP-N-ACETYLGLUCOSAMINE--PEPTIDE N-ACETYLGLUCOSAMINYLTRANSFERASE SPINDLY-RELATED",PF00515,TPR_1
AT3G11540,"(1 of 1) PTHR23083//PTHR23083:SF397 - TETRATRICOPEPTIDE REPEAT PROTEIN, TPR // UDP-N-ACETYLGLUCOSAMINE--PEPTIDE N-ACETYLGLUCOSAMINYLTRANSFERASE SPINDLY-RELATED",PF13414,TPR_11
AT3G11540,"(1 of 1) PTHR23083//PTHR23083:SF397 - TETRATRICOPEPTIDE REPEAT PROTEIN, TPR // UDP-N-ACETYLGLUCOSAMINE--PEPTIDE N-ACETYLGLUCOSAMINYLTRANSFERASE SPINDLY-RELATED",PF13424,TPR_12
AT3G11540,"(1 of 1) PTHR23083//PTHR23083:SF397 - TETRATRICOPEPTIDE REPEAT PROTEIN, TPR // UDP-N-ACETYLGLUCOSAMINE--PEPTIDE N-ACETYLGLUCOSAMINYLTRANSFERASE SPINDLY-RELATED",PF13844,Glyco_transf_41
AT3G18210,"(1 of 5) 1.14.11.4 - Procollagen-lysine 5-dioxygenase / Procollagen-lysine,2-oxoglutarate 5-dioxygenase",,
AT3G14470,(1 of 1) PTHR23155//PTHR23155:SF580 - LEUCINE-RICH REPEAT-CONTAINING PROTEIN // SUBFAMILY NOT NAMED,PF00931,NB-ARC
AT3G14470,(1 of 1) PTHR23155//PTHR23155:SF580 - LEUCINE-RICH REPEAT-CONTAINING PROTEIN // SUBFAMILY NOT NAMED,PF13855,LRR_8
AT3G50290,(1 of 7) 2.3.1.99 - Quinate O-hydroxycinnamoyltransferase / Hydroxycinnamoyl coenzyme A-quinate transferase,PF02458,Transferase
AT3G03480,(1 of 1) K18858 - (Z)-3-hexen-1-ol acetyltransferase (CHAT),PF02458,Transferase
AT3G29680,(1 of 6) 2.3.1.64 - Agmatine N(4)-coumaroyltransferase / p-coumaroyl-CoA-agmatine N-p-coumaroyltransferase,PF02458,Transferase
AT3G46330,(1 of 14) PF07714//PF12819//PF13855 - Protein tyrosine kinase (Pkinase_Tyr) // Carbohydrate-binding protein of the ER (Malectin_like) // Leucine rich repeat (LRR_8),PF07714,Pkinase_Tyr
AT3G46330,(1 of 14) PF07714//PF12819//PF13855 - Protein tyrosine kinase (Pkinase_Tyr) // Carbohydrate-binding protein of the ER (Malectin_like) // Leucine rich repeat (LRR_8),PF12819,Malectin_like
AT3G46330,(1 of 14) PF07714//PF12819//PF13855 - Protein tyrosine kinase (Pkinase_Tyr) // Carbohydrate-binding protein of the ER (Malectin_like) // Leucine rich repeat (LRR_8),PF13855,LRR_8
AT3G46400,(1 of 14) PF07714//PF12819//PF13855 - Protein tyrosine kinase (Pkinase_Tyr) // Carbohydrate-binding protein of the ER (Malectin_like) // Leucine rich repeat (LRR_8),PF07714,Pkinase_Tyr
AT3G46400,(1 of 14) PF07714//PF12819//PF13855 - Protein tyrosine kinase (Pkinase_Tyr) // Carbohydrate-binding protein of the ER (Malectin_like) // Leucine rich repeat (LRR_8),PF12819,Malectin_like
AT3G46400,(1 of 14) PF07714//PF12819//PF13855 - Protein tyrosine kinase (Pkinase_Tyr) // Carbohydrate-binding protein of the ER (Malectin_like) // Leucine rich repeat (LRR_8),PF13855,LRR_8
AT3G48720,(1 of 2) PTHR31642//PTHR31642:SF10 - FAMILY NOT NAMED // ACYLTRANSFERASE-LIKE PROTEIN-RELATED,PF02458,Transferase
AT3G15700,(1 of 4) PF01637 - Archaeal ATPase (Arch_ATPase),PF01637,Arch_ATPase
AT3G01180,"(1 of 1) PTHR12526:SF337 - STARCH SYNTHASE 2, CHLOROPLASTIC/AMYLOPLASTIC",PF00534,Glycos_transf_1
AT3G01180,"(1 of 1) PTHR12526:SF337 - STARCH SYNTHASE 2, CHLOROPLASTIC/AMYLOPLASTIC",PF08323,Glyco_transf_5
AT3G26920,(1 of 24) PF07723//PF08387 - Leucine Rich Repeat (LRR_2) // FBD (FBD),PF08387,FBD
AT3G26920,(1 of 24) PF07723//PF08387 - Leucine Rich Repeat (LRR_2) // FBD (FBD),PF07723,LRR_2
AT3G23960,(1 of 92) PTHR31790//PTHR31790:SF10 - FAMILY NOT NAMED // F-BOX ASSOCIATED UBIQUITINATION EFFECTOR FAMILY PROTEIN-RELATED,PF00646,F-box
AT3G23960,(1 of 92) PTHR31790//PTHR31790:SF10 - FAMILY NOT NAMED // F-BOX ASSOCIATED UBIQUITINATION EFFECTOR FAMILY PROTEIN-RELATED,PF08268,FBA_3
AT3G24540,(1 of 3) PTHR27001:SF89 - PROLINE-RICH RECEPTOR-LIKE PROTEIN KINASE PERK1-RELATED,PF07714,Pkinase_Tyr
AT3G30280,(1 of 6) 2.3.1.160 - Vinorine synthase,PF02458,Transferase
AT3G26930,(1 of 69) PTHR32212//PTHR32212:SF126 - FAMILY NOT NAMED // EMB|CAB62440.1-RELATED,PF00646,F-box
AT3G26930,(1 of 69) PTHR32212//PTHR32212:SF126 - FAMILY NOT NAMED // EMB|CAB62440.1-RELATED,PF08387,FBD
AT3G26930,(1 of 69) PTHR32212//PTHR32212:SF126 - FAMILY NOT NAMED // EMB|CAB62440.1-RELATED,PF07723,LRR_2
AT3G46370,(1 of 14) PF07714//PF12819//PF13855 - Protein tyrosine kinase (Pkinase_Tyr) // Carbohydrate-binding protein of the ER (Malectin_like) // Leucine rich repeat (LRR_8),PF07714,Pkinase_Tyr
AT3G46370,(1 of 14) PF07714//PF12819//PF13855 - Protein tyrosine kinase (Pkinase_Tyr) // Carbohydrate-binding protein of the ER (Malectin_like) // Leucine rich repeat (LRR_8),PF12819,Malectin_like
AT3G46370,(1 of 14) PF07714//PF12819//PF13855 - Protein tyrosine kinase (Pkinase_Tyr) // Carbohydrate-binding protein of the ER (Malectin_like) // Leucine rich repeat (LRR_8),PF13855,LRR_8
AT3G03360,(1 of 18) PTHR32153//PTHR32153:SF2 - FAMILY NOT NAMED // F-BOX/LRR-REPEAT PROTEIN 25-RELATED,PF07723,LRR_2
AT3G14460,(1 of 1) PTHR23155//PTHR23155:SF414 - LEUCINE-RICH REPEAT-CONTAINING PROTEIN // SUBFAMILY NOT NAMED,PF00931,NB-ARC
AT3G49020,(1 of 69) PTHR32212//PTHR32212:SF126 - FAMILY NOT NAMED // EMB|CAB62440.1-RELATED,PF00646,F-box
AT3G49020,(1 of 69) PTHR32212//PTHR32212:SF126 - FAMILY NOT NAMED // EMB|CAB62440.1-RELATED,PF08387,FBD
AT3G49020,(1 of 69) PTHR32212//PTHR32212:SF126 - FAMILY NOT NAMED // EMB|CAB62440.1-RELATED,PF07723,LRR_2
AT3G46355,(1 of 70) 2.7.10.1//2.7.11.1 - Receptor protein-tyrosine kinase / Receptor protein tyrosine kinase // Non-specific serine/threonine protein kinase / Threonine-specific protein kinase,PF07714,Pkinase_Tyr
AT3G04240,(1 of 1) K09667 - protein O-GlcNAc transferase (OGT),PF13414,TPR_11
AT3G04240,(1 of 1) K09667 - protein O-GlcNAc transferase (OGT),PF13844,Glyco_transf_41
AT3G46290,(1 of 2) PTHR27003:SF94 - RECEPTOR-LIKE PROTEIN KINASE HERK 1,PF07714,Pkinase_Tyr
AT3G46290,(1 of 2) PTHR27003:SF94 - RECEPTOR-LIKE PROTEIN KINASE HERK 1,PF12819,Malectin_like
AT3G46340,(1 of 14) PF07714//PF12819//PF13855 - Protein tyrosine kinase (Pkinase_Tyr) // Carbohydrate-binding protein of the ER (Malectin_like) // Leucine rich repeat (LRR_8),PF07714,Pkinase_Tyr
AT3G46340,(1 of 14) PF07714//PF12819//PF13855 - Protein tyrosine kinase (Pkinase_Tyr) // Carbohydrate-binding protein of the ER (Malectin_like) // Leucine rich repeat (LRR_8),PF12819,Malectin_like
AT3G46340,(1 of 14) PF07714//PF12819//PF13855 - Protein tyrosine kinase (Pkinase_Tyr) // Carbohydrate-binding protein of the ER (Malectin_like) // Leucine rich repeat (LRR_8),PF13855,LRR_8
AT3G10240,(1 of 92) PTHR31790//PTHR31790:SF10 - FAMILY NOT NAMED // F-BOX ASSOCIATED UBIQUITINATION EFFECTOR FAMILY PROTEIN-RELATED,PF00646,F-box
AT3G10240,(1 of 92) PTHR31790//PTHR31790:SF10 - FAMILY NOT NAMED // F-BOX ASSOCIATED UBIQUITINATION EFFECTOR FAMILY PROTEIN-RELATED,PF08268,FBA_3
AT3G04690,(1 of 2) PTHR27003:SF7 - RECEPTOR-LIKE PROTEIN KINASE ANXUR1-RELATED,PF07714,Pkinase_Tyr
AT3G04690,(1 of 2) PTHR27003:SF7 - RECEPTOR-LIKE PROTEIN KINASE ANXUR1-RELATED,PF11721,Malectin
AT3G46410,(1 of 70) 2.7.10.1//2.7.11.1 - Receptor protein-tyrosine kinase / Receptor protein tyrosine kinase // Non-specific serine/threonine protein kinase / Threonine-specific protein kinase,PF00069,Pkinase
AT3G49480,(1 of 1) PTHR32212//PTHR32212:SF112//PTHR32212:SF126 - FAMILY NOT NAMED // FBD / LEUCINE RICH REPEAT DOMAINS CONTAINING PROTEIN-RELATED // EMB|CAB62440.1-RELATED,PF00646,F-box
AT3G49480,(1 of 1) PTHR32212//PTHR32212:SF112//PTHR32212:SF126 - FAMILY NOT NAMED // FBD / LEUCINE RICH REPEAT DOMAINS CONTAINING PROTEIN-RELATED // EMB|CAB62440.1-RELATED,PF08387,FBD
AT3G49480,(1 of 1) PTHR32212//PTHR32212:SF112//PTHR32212:SF126 - FAMILY NOT NAMED // FBD / LEUCINE RICH REPEAT DOMAINS CONTAINING PROTEIN-RELATED // EMB|CAB62440.1-RELATED,PF07723,LRR_2
AT3G51550,(1 of 1) PTHR27003//PTHR27003:SF53 - FAMILY NOT NAMED // RECEPTOR-LIKE PROTEIN KINASE FERONIA,PF07714,Pkinase_Tyr
AT3G51550,(1 of 1) PTHR27003//PTHR27003:SF53 - FAMILY NOT NAMED // RECEPTOR-LIKE PROTEIN KINASE FERONIA,PF11721,Malectin
AT3G47130,(1 of 92) PTHR31790//PTHR31790:SF10 - FAMILY NOT NAMED // F-BOX ASSOCIATED UBIQUITINATION EFFECTOR FAMILY PROTEIN-RELATED,PF08268,FBA_3
AT3G53550,(1 of 44) PTHR32212//PTHR32212:SF112 - FAMILY NOT NAMED // FBD / LEUCINE RICH REPEAT DOMAINS CONTAINING PROTEIN-RELATED,PF08387,FBD
AT3G52680,(1 of 69) PTHR32212//PTHR32212:SF126 - FAMILY NOT NAMED // EMB|CAB62440.1-RELATED,PF00646,F-box
AT3G52680,(1 of 69) PTHR32212//PTHR32212:SF126 - FAMILY NOT NAMED // EMB|CAB62440.1-RELATED,PF08387,FBD
AT3G52680,(1 of 69) PTHR32212//PTHR32212:SF126 - FAMILY NOT NAMED // EMB|CAB62440.1-RELATED,PF07723,LRR_2
AT3G58860,(1 of 45) PTHR31639//PTHR31639:SF6 - FAMILY NOT NAMED // FBD DOMAIN-CONTAINING PROTEIN-RELATED,PF00646,F-box
AT3G58860,(1 of 45) PTHR31639//PTHR31639:SF6 - FAMILY NOT NAMED // FBD DOMAIN-CONTAINING PROTEIN-RELATED,PF07723,LRR_2
AT3G20530,(1 of 2) PTHR27001:SF127 - PROTEIN KINASE FAMILY PROTEIN,PF00069,Pkinase
AT3G21340,(1 of 14) PF07714//PF12819//PF13855 - Protein tyrosine kinase (Pkinase_Tyr) // Carbohydrate-binding protein of the ER (Malectin_like) // Leucine rich repeat (LRR_8),PF07714,Pkinase_Tyr
AT3G21340,(1 of 14) PF07714//PF12819//PF13855 - Protein tyrosine kinase (Pkinase_Tyr) // Carbohydrate-binding protein of the ER (Malectin_like) // Leucine rich repeat (LRR_8),PF12819,Malectin_like
AT3G21340,(1 of 14) PF07714//PF12819//PF13855 - Protein tyrosine kinase (Pkinase_Tyr) // Carbohydrate-binding protein of the ER (Malectin_like) // Leucine rich repeat (LRR_8),PF13855,LRR_8
AT3G50300,(1 of 7) PTHR31896//PTHR31896:SF12 - FAMILY NOT NAMED // ANTHRANILATE N-HYDROXYCINNAMOYL/BENZOYLTRANSFERASE-LIKE PROTEIN-RELATED,PF02458,Transferase
AT3G46420,(1 of 14) PF07714//PF12819//PF13855 - Protein tyrosine kinase (Pkinase_Tyr) // Carbohydrate-binding protein of the ER (Malectin_like) // Leucine rich repeat (LRR_8),PF07714,Pkinase_Tyr
AT3G46420,(1 of 14) PF07714//PF12819//PF13855 - Protein tyrosine kinase (Pkinase_Tyr) // Carbohydrate-binding protein of the ER (Malectin_like) // Leucine rich repeat (LRR_8),PF12819,Malectin_like
AT3G46420,(1 of 14) PF07714//PF12819//PF13855 - Protein tyrosine kinase (Pkinase_Tyr) // Carbohydrate-binding protein of the ER (Malectin_like) // Leucine rich repeat (LRR_8),PF13855,LRR_8
AT3G62160,(1 of 6) 2.3.1.162 - Taxadien-5-alpha-ol O-acetyltransferase / Taxadienol acetyltransferase,PF02458,Transferase
AT3G29635,(1 of 6) 2.3.1.64 - Agmatine N(4)-coumaroyltransferase / p-coumaroyl-CoA-agmatine N-p-coumaroyltransferase,PF02458,Transferase
AT3G47020,(1 of 92) PTHR31790//PTHR31790:SF10 - FAMILY NOT NAMED // F-BOX ASSOCIATED UBIQUITINATION EFFECTOR FAMILY PROTEIN-RELATED,PF00646,F-box
AT3G47020,(1 of 92) PTHR31790//PTHR31790:SF10 - FAMILY NOT NAMED // F-BOX ASSOCIATED UBIQUITINATION EFFECTOR FAMILY PROTEIN-RELATED,PF08268,FBA_3
AT3G52320,(1 of 77) PF00646//PF08268 - F-box domain (F-box) // F-box associated domain (FBA_3),PF00646,F-box
AT3G52320,(1 of 77) PF00646//PF08268 - F-box domain (F-box) // F-box associated domain (FBA_3),PF08268,FBA_3
AT3G23840,(1 of 2) PTHR31642//PTHR31642:SF22 - FAMILY NOT NAMED // PROTEIN ECERIFERUM 26-RELATED,PF02458,Transferase
AT3G47150,(1 of 92) PTHR31790//PTHR31790:SF10 - FAMILY NOT NAMED // F-BOX ASSOCIATED UBIQUITINATION EFFECTOR FAMILY PROTEIN-RELATED,PF00646,F-box
AT3G47150,(1 of 92) PTHR31790//PTHR31790:SF10 - FAMILY NOT NAMED // F-BOX ASSOCIATED UBIQUITINATION EFFECTOR FAMILY PROTEIN-RELATED,PF08268,FBA_3
AT3G29590,(1 of 1) 2.3.1.172 - Anthocyanin 5-O-glucoside 6'''-O-malonyltransferase / Ss5MaT1,PF02458,Transferase
AT3G50710,(1 of 44) PTHR32212//PTHR32212:SF112 - FAMILY NOT NAMED // FBD / LEUCINE RICH REPEAT DOMAINS CONTAINING PROTEIN-RELATED,PF00646,F-box
AT3G50710,(1 of 44) PTHR32212//PTHR32212:SF112 - FAMILY NOT NAMED // FBD / LEUCINE RICH REPEAT DOMAINS CONTAINING PROTEIN-RELATED,PF08387,FBD
AT3G50710,(1 of 44) PTHR32212//PTHR32212:SF112 - FAMILY NOT NAMED // FBD / LEUCINE RICH REPEAT DOMAINS CONTAINING PROTEIN-RELATED,PF07723,LRR_2
AT3G28410,(1 of 18) PTHR32153//PTHR32153:SF2 - FAMILY NOT NAMED // F-BOX/LRR-REPEAT PROTEIN 25-RELATED,PF00646,F-box
AT3G49040,(1 of 34) PF00646//PF07723 - F-box domain (F-box) // Leucine Rich Repeat (LRR_2),PF00646,F-box
AT3G49040,(1 of 34) PF00646//PF07723 - F-box domain (F-box) // Leucine Rich Repeat (LRR_2),PF07723,LRR_2
AT3G26040,(1 of 6) 2.3.1.160 - Vinorine synthase,PF02458,Transferase
AT3G50270,(1 of 7) PTHR31896//PTHR31896:SF12 - FAMILY NOT NAMED // ANTHRANILATE N-HYDROXYCINNAMOYL/BENZOYLTRANSFERASE-LIKE PROTEIN-RELATED,PF02458,Transferase
AT3G59240,(1 of 45) PTHR31639//PTHR31639:SF6 - FAMILY NOT NAMED // FBD DOMAIN-CONTAINING PROTEIN-RELATED,PF07723,LRR_2
AT3G61340,(1 of 92) PTHR31790//PTHR31790:SF10 - FAMILY NOT NAMED // F-BOX ASSOCIATED UBIQUITINATION EFFECTOR FAMILY PROTEIN-RELATED,PF00646,F-box
AT3G61340,(1 of 92) PTHR31790//PTHR31790:SF10 - FAMILY NOT NAMED // F-BOX ASSOCIATED UBIQUITINATION EFFECTOR FAMILY PROTEIN-RELATED,PF08268,FBA_3
AT3G52690,(1 of 24) PF07723//PF08387 - Leucine Rich Repeat (LRR_2) // FBD (FBD),PF08387,FBD
AT3G52690,(1 of 24) PF07723//PF08387 - Leucine Rich Repeat (LRR_2) // FBD (FBD),PF07723,LRR_2
AT3G04660,(1 of 92) PTHR31790//PTHR31790:SF10 - FAMILY NOT NAMED // F-BOX ASSOCIATED UBIQUITINATION EFFECTOR FAMILY PROTEIN-RELATED,PF00646,F-box
AT3G04660,(1 of 92) PTHR31790//PTHR31790:SF10 - FAMILY NOT NAMED // F-BOX ASSOCIATED UBIQUITINATION EFFECTOR FAMILY PROTEIN-RELATED,PF07734,FBA_1
AT3G51770,(1 of 2) PTHR23083:SF420 - ETO1-LIKE PROTEIN 2-RELATED,PF00515,TPR_1
AT3G51770,(1 of 2) PTHR23083:SF420 - ETO1-LIKE PROTEIN 2-RELATED,PF13414,TPR_11
AT3G51530,(1 of 69) PTHR32212//PTHR32212:SF126 - FAMILY NOT NAMED // EMB|CAB62440.1-RELATED,PF00646,F-box
AT3G51530,(1 of 69) PTHR32212//PTHR32212:SF126 - FAMILY NOT NAMED // EMB|CAB62440.1-RELATED,PF08387,FBD
AT3G51530,(1 of 69) PTHR32212//PTHR32212:SF126 - FAMILY NOT NAMED // EMB|CAB62440.1-RELATED,PF07723,LRR_2
AT3G58690,(1 of 1) PTHR27001//PTHR27001:SF30 - FAMILY NOT NAMED // PROTEIN KINASE FAMILY PROTEIN,PF00069,Pkinase
AT3G50280,(1 of 2) 2.3.1.133//2.3.1.99 - Shikimate O-hydroxycinnamoyltransferase // Quinate O-hydroxycinnamoyltransferase / Hydroxycinnamoyl coenzyme A-quinate transferase,PF02458,Transferase
AT3G10790,(1 of 92) PTHR31790//PTHR31790:SF10 - FAMILY NOT NAMED // F-BOX ASSOCIATED UBIQUITINATION EFFECTOR FAMILY PROTEIN-RELATED,PF08268,FBA_3
AT3G10750,(1 of 44) PTHR32212//PTHR32212:SF112 - FAMILY NOT NAMED // FBD / LEUCINE RICH REPEAT DOMAINS CONTAINING PROTEIN-RELATED,PF08387,FBD
AT3G10750,(1 of 44) PTHR32212//PTHR32212:SF112 - FAMILY NOT NAMED // FBD / LEUCINE RICH REPEAT DOMAINS CONTAINING PROTEIN-RELATED,PF07723,LRR_2
AT3G49450,(1 of 92) PTHR31790//PTHR31790:SF10 - FAMILY NOT NAMED // F-BOX ASSOCIATED UBIQUITINATION EFFECTOR FAMILY PROTEIN-RELATED,PF00646,F-box
AT3G49450,(1 of 92) PTHR31790//PTHR31790:SF10 - FAMILY NOT NAMED // F-BOX ASSOCIATED UBIQUITINATION EFFECTOR FAMILY PROTEIN-RELATED,PF08268,FBA_3
AT3G44060,(1 of 10) PTHR32141//PTHR32141:SF18 - FAMILY NOT NAMED // FBD-LIKE DOMAIN FAMILY PROTEIN,PF00646,F-box
AT3G57580,(1 of 92) PTHR31790//PTHR31790:SF10 - FAMILY NOT NAMED // F-BOX ASSOCIATED UBIQUITINATION EFFECTOR FAMILY PROTEIN-RELATED,PF00646,F-box
AT3G57580,(1 of 92) PTHR31790//PTHR31790:SF10 - FAMILY NOT NAMED // F-BOX ASSOCIATED UBIQUITINATION EFFECTOR FAMILY PROTEIN-RELATED,PF08268,FBA_3
AT3G47030,(1 of 92) PTHR31790//PTHR31790:SF10 - FAMILY NOT NAMED // F-BOX ASSOCIATED UBIQUITINATION EFFECTOR FAMILY PROTEIN-RELATED,PF00646,F-box
AT3G47030,(1 of 92) PTHR31790//PTHR31790:SF10 - FAMILY NOT NAMED // F-BOX ASSOCIATED UBIQUITINATION EFFECTOR FAMILY PROTEIN-RELATED,PF08268,FBA_3
AT3G49030,(1 of 69) PTHR32212//PTHR32212:SF126 - FAMILY NOT NAMED // EMB|CAB62440.1-RELATED,PF00646,F-box
AT3G49030,(1 of 69) PTHR32212//PTHR32212:SF126 - FAMILY NOT NAMED // EMB|CAB62440.1-RELATED,PF08387,FBD
AT3G49030,(1 of 69) PTHR32212//PTHR32212:SF126 - FAMILY NOT NAMED // EMB|CAB62440.1-RELATED,PF07723,LRR_2
AT3G26922,(1 of 34) PF00646//PF07723 - F-box domain (F-box) // Leucine Rich Repeat (LRR_2),PF00646,F-box
AT3G26922,(1 of 34) PF00646//PF07723 - F-box domain (F-box) // Leucine Rich Repeat (LRR_2),PF07723,LRR_2
AT5G22720,(1 of 69) PTHR32212//PTHR32212:SF126 - FAMILY NOT NAMED // EMB|CAB62440.1-RELATED,PF00646,F-box
AT5G22720,(1 of 69) PTHR32212//PTHR32212:SF126 - FAMILY NOT NAMED // EMB|CAB62440.1-RELATED,PF08387,FBD
AT5G22720,(1 of 69) PTHR32212//PTHR32212:SF126 - FAMILY NOT NAMED // EMB|CAB62440.1-RELATED,PF07723,LRR_2
AT5G38570,(1 of 44) PTHR32212//PTHR32212:SF112 - FAMILY NOT NAMED // FBD / LEUCINE RICH REPEAT DOMAINS CONTAINING PROTEIN-RELATED,PF08387,FBD
AT5G56700,(1 of 44) PTHR32212//PTHR32212:SF112 - FAMILY NOT NAMED // FBD / LEUCINE RICH REPEAT DOMAINS CONTAINING PROTEIN-RELATED,PF08387,FBD
AT5G56700,(1 of 44) PTHR32212//PTHR32212:SF112 - FAMILY NOT NAMED // FBD / LEUCINE RICH REPEAT DOMAINS CONTAINING PROTEIN-RELATED,PF07723,LRR_2
AT5G56325,(1 of 44) PTHR32212//PTHR32212:SF112 - FAMILY NOT NAMED // FBD / LEUCINE RICH REPEAT DOMAINS CONTAINING PROTEIN-RELATED,PF08387,FBD
AT5G52620,(1 of 92) PTHR31790//PTHR31790:SF10 - FAMILY NOT NAMED // F-BOX ASSOCIATED UBIQUITINATION EFFECTOR FAMILY PROTEIN-RELATED,PF08268,FBA_3
AT5G38590,(1 of 44) PTHR32212//PTHR32212:SF112 - FAMILY NOT NAMED // FBD / LEUCINE RICH REPEAT DOMAINS CONTAINING PROTEIN-RELATED,PF00646,F-box
AT5G38590,(1 of 44) PTHR32212//PTHR32212:SF112 - FAMILY NOT NAMED // FBD / LEUCINE RICH REPEAT DOMAINS CONTAINING PROTEIN-RELATED,PF08387,FBD
AT5G38590,(1 of 44) PTHR32212//PTHR32212:SF112 - FAMILY NOT NAMED // FBD / LEUCINE RICH REPEAT DOMAINS CONTAINING PROTEIN-RELATED,PF07723,LRR_2
AT5G58550,(1 of 2) PTHR23083:SF420 - ETO1-LIKE PROTEIN 2-RELATED,PF00651,BTB
AT5G58550,(1 of 2) PTHR23083:SF420 - ETO1-LIKE PROTEIN 2-RELATED,PF00515,TPR_1
AT5G58550,(1 of 2) PTHR23083:SF420 - ETO1-LIKE PROTEIN 2-RELATED,PF07719,TPR_2
AT5G56370,(1 of 2) PTHR32212:SF68 - FBD-LIKE DOMAIN FAMILY PROTEIN,PF00646,F-box
AT5G56370,(1 of 2) PTHR32212:SF68 - FBD-LIKE DOMAIN FAMILY PROTEIN,PF08387,FBD
AT5G56370,(1 of 2) PTHR32212:SF68 - FBD-LIKE DOMAIN FAMILY PROTEIN,PF07723,LRR_2
AT5G56420,(1 of 44) PTHR32212//PTHR32212:SF112 - FAMILY NOT NAMED // FBD / LEUCINE RICH REPEAT DOMAINS CONTAINING PROTEIN-RELATED,PF00646,F-box
AT5G56420,(1 of 44) PTHR32212//PTHR32212:SF112 - FAMILY NOT NAMED // FBD / LEUCINE RICH REPEAT DOMAINS CONTAINING PROTEIN-RELATED,PF08387,FBD
AT5G56420,(1 of 44) PTHR32212//PTHR32212:SF112 - FAMILY NOT NAMED // FBD / LEUCINE RICH REPEAT DOMAINS CONTAINING PROTEIN-RELATED,PF07723,LRR_2
AT5G65850,(1 of 92) PTHR31790//PTHR31790:SF10 - FAMILY NOT NAMED // F-BOX ASSOCIATED UBIQUITINATION EFFECTOR FAMILY PROTEIN-RELATED,PF00646,F-box
AT5G65850,(1 of 92) PTHR31790//PTHR31790:SF10 - FAMILY NOT NAMED // F-BOX ASSOCIATED UBIQUITINATION EFFECTOR FAMILY PROTEIN-RELATED,PF07734,FBA_1
AT5G39050,(1 of 11) PTHR31625//PTHR31625:SF5 - FAMILY NOT NAMED // ACYLTRANSFERASE-LIKE PROTEIN-RELATED,PF02458,Transferase
AT5G22660,(1 of 69) PTHR32212//PTHR32212:SF126 - FAMILY NOT NAMED // EMB|CAB62440.1-RELATED,PF00646,F-box
AT5G22660,(1 of 69) PTHR32212//PTHR32212:SF126 - FAMILY NOT NAMED // EMB|CAB62440.1-RELATED,PF08387,FBD
AT5G22660,(1 of 69) PTHR32212//PTHR32212:SF126 - FAMILY NOT NAMED // EMB|CAB62440.1-RELATED,PF07723,LRR_2
AT5G41840,(1 of 45) PTHR31639//PTHR31639:SF6 - FAMILY NOT NAMED // FBD DOMAIN-CONTAINING PROTEIN-RELATED,PF07723,LRR_2
AT5G56820,(1 of 44) PTHR32212//PTHR32212:SF112 - FAMILY NOT NAMED // FBD / LEUCINE RICH REPEAT DOMAINS CONTAINING PROTEIN-RELATED,PF00646,F-box
AT5G56820,(1 of 44) PTHR32212//PTHR32212:SF112 - FAMILY NOT NAMED // FBD / LEUCINE RICH REPEAT DOMAINS CONTAINING PROTEIN-RELATED,PF08387,FBD
AT5G56820,(1 of 44) PTHR32212//PTHR32212:SF112 - FAMILY NOT NAMED // FBD / LEUCINE RICH REPEAT DOMAINS CONTAINING PROTEIN-RELATED,PF07723,LRR_2
AT5G38990,(1 of 13) PF07714//PF12819 - Protein tyrosine kinase (Pkinase_Tyr) // Carbohydrate-binding protein of the ER (Malectin_like),PF07714,Pkinase_Tyr
AT5G38990,(1 of 13) PF07714//PF12819 - Protein tyrosine kinase (Pkinase_Tyr) // Carbohydrate-binding protein of the ER (Malectin_like),PF12819,Malectin_like
AT5G44300,(1 of 5) PF05564 - Dormancy/auxin associated protein (Auxin_repressed),PF05564,Auxin_repressed
AT5G54820,(1 of 17) PF00646//PF08387 - F-box domain (F-box) // FBD (FBD),PF00646,F-box
AT5G54820,(1 of 17) PF00646//PF08387 - F-box domain (F-box) // FBD (FBD),PF08387,FBD
AT5G62660,(1 of 77) PF00646//PF08268 - F-box domain (F-box) // F-box associated domain (FBA_3),PF00646,F-box
AT5G62660,(1 of 77) PF00646//PF08268 - F-box domain (F-box) // F-box associated domain (FBA_3),PF08268,FBA_3
AT5G16410,(1 of 3) PTHR31642//PTHR31642:SF6 - FAMILY NOT NAMED // HXXXD-TYPE ACYL-TRANSFERASE-RELATED,PF02458,Transferase
AT5G44220,(1 of 92) PTHR31790//PTHR31790:SF10 - FAMILY NOT NAMED // F-BOX ASSOCIATED UBIQUITINATION EFFECTOR FAMILY PROTEIN-RELATED,PF00646,F-box
AT5G62060,(1 of 92) PTHR31790//PTHR31790:SF10 - FAMILY NOT NAMED // F-BOX ASSOCIATED UBIQUITINATION EFFECTOR FAMILY PROTEIN-RELATED,PF00646,F-box
AT5G62060,(1 of 92) PTHR31790//PTHR31790:SF10 - FAMILY NOT NAMED // F-BOX ASSOCIATED UBIQUITINATION EFFECTOR FAMILY PROTEIN-RELATED,PF08268,FBA_3
AT5G43730,(1 of 21) PTHR23155//PTHR23155:SF639 - LEUCINE-RICH REPEAT-CONTAINING PROTEIN // DISEASE RESISTANCE PROTEIN RFL1-RELATED,PF00931,NB-ARC
AT5G43730,(1 of 21) PTHR23155//PTHR23155:SF639 - LEUCINE-RICH REPEAT-CONTAINING PROTEIN // DISEASE RESISTANCE PROTEIN RFL1-RELATED,PF13855,LRR_8
AT5G57840,(1 of 2) 2.3.1.133//2.3.1.99 - Shikimate O-hydroxycinnamoyltransferase // Quinate O-hydroxycinnamoyltransferase / Hydroxycinnamoyl coenzyme A-quinate transferase,PF02458,Transferase
AT5G48620,(1 of 16) PTHR23155//PTHR23155:SF549 - LEUCINE-RICH REPEAT-CONTAINING PROTEIN // DISEASE RESISTANCE RPP8-LIKE PROTEIN 3-RELATED,PF00931,NB-ARC
AT5G62510,(1 of 77) PF00646//PF08268 - F-box domain (F-box) // F-box associated domain (FBA_3),PF00646,F-box
AT5G62510,(1 of 77) PF00646//PF08268 - F-box domain (F-box) // F-box associated domain (FBA_3),PF08268,FBA_3
AT5G59680,(1 of 10) PF00069//PF12819//PF13855 - Protein kinase domain (Pkinase) // Carbohydrate-binding protein of the ER (Malectin_like) // Leucine rich repeat (LRR_8),PF00069,Pkinase
AT5G59680,(1 of 10) PF00069//PF12819//PF13855 - Protein kinase domain (Pkinase) // Carbohydrate-binding protein of the ER (Malectin_like) // Leucine rich repeat (LRR_8),PF12819,Malectin_like
AT5G59680,(1 of 10) PF00069//PF12819//PF13855 - Protein kinase domain (Pkinase) // Carbohydrate-binding protein of the ER (Malectin_like) // Leucine rich repeat (LRR_8),PF13855,LRR_8
AT5G60610,(1 of 44) PTHR32212//PTHR32212:SF112 - FAMILY NOT NAMED // FBD / LEUCINE RICH REPEAT DOMAINS CONTAINING PROTEIN-RELATED,PF00646,F-box
AT5G60610,(1 of 44) PTHR32212//PTHR32212:SF112 - FAMILY NOT NAMED // FBD / LEUCINE RICH REPEAT DOMAINS CONTAINING PROTEIN-RELATED,PF08387,FBD
AT5G60610,(1 of 44) PTHR32212//PTHR32212:SF112 - FAMILY NOT NAMED // FBD / LEUCINE RICH REPEAT DOMAINS CONTAINING PROTEIN-RELATED,PF07723,LRR_2
AT5G01210,(1 of 14) 2.3.1.133 - Shikimate O-hydroxycinnamoyltransferase,PF02458,Transferase
AT5G43660,"(1 of 5) 1.14.11.4 - Procollagen-lysine 5-dioxygenase / Procollagen-lysine,2-oxoglutarate 5-dioxygenase",,
AT5G56810,(1 of 44) PTHR32212//PTHR32212:SF112 - FAMILY NOT NAMED // FBD / LEUCINE RICH REPEAT DOMAINS CONTAINING PROTEIN-RELATED,PF00646,F-box
AT5G56810,(1 of 44) PTHR32212//PTHR32212:SF112 - FAMILY NOT NAMED // FBD / LEUCINE RICH REPEAT DOMAINS CONTAINING PROTEIN-RELATED,PF08387,FBD
AT5G56810,(1 of 44) PTHR32212//PTHR32212:SF112 - FAMILY NOT NAMED // FBD / LEUCINE RICH REPEAT DOMAINS CONTAINING PROTEIN-RELATED,PF07723,LRR_2
AT5G02920,(1 of 18) PTHR32153//PTHR32153:SF2 - FAMILY NOT NAMED // F-BOX/LRR-REPEAT PROTEIN 25-RELATED,PF00646,F-box
AT5G02930,(1 of 18) PTHR32153//PTHR32153:SF2 - FAMILY NOT NAMED // F-BOX/LRR-REPEAT PROTEIN 25-RELATED,PF00646,F-box
AT5G47980,(1 of 9) 2.3.1.84 - Alcohol O-acetyltransferase / AATASE,PF02458,Transferase
AT5G56800,(1 of 44) PTHR32212//PTHR32212:SF112 - FAMILY NOT NAMED // FBD / LEUCINE RICH REPEAT DOMAINS CONTAINING PROTEIN-RELATED,PF08387,FBD
AT5G56800,(1 of 44) PTHR32212//PTHR32212:SF112 - FAMILY NOT NAMED // FBD / LEUCINE RICH REPEAT DOMAINS CONTAINING PROTEIN-RELATED,PF07723,LRR_2
AT5G15660,(1 of 92) PTHR31790//PTHR31790:SF10 - FAMILY NOT NAMED // F-BOX ASSOCIATED UBIQUITINATION EFFECTOR FAMILY PROTEIN-RELATED,PF00646,F-box
AT5G15660,(1 of 92) PTHR31790//PTHR31790:SF10 - FAMILY NOT NAMED // F-BOX ASSOCIATED UBIQUITINATION EFFECTOR FAMILY PROTEIN-RELATED,PF08268,FBA_3
AT5G39000,(1 of 15) PF07714//PF11721 - Protein tyrosine kinase (Pkinase_Tyr) // Di-glucose binding within endoplasmic reticulum (Malectin),PF07714,Pkinase_Tyr
AT5G39000,(1 of 15) PF07714//PF11721 - Protein tyrosine kinase (Pkinase_Tyr) // Di-glucose binding within endoplasmic reticulum (Malectin),PF11721,Malectin
AT5G38392,(1 of 45) PTHR31639//PTHR31639:SF6 - FAMILY NOT NAMED // FBD DOMAIN-CONTAINING PROTEIN-RELATED,PF00646,F-box
AT5G56452,(1 of 44) PTHR32212//PTHR32212:SF112 - FAMILY NOT NAMED // FBD / LEUCINE RICH REPEAT DOMAINS CONTAINING PROTEIN-RELATED,PF08387,FBD
AT5G56560,(1 of 24) PF07723//PF08387 - Leucine Rich Repeat (LRR_2) // FBD (FBD),PF08387,FBD
AT5G56560,(1 of 24) PF07723//PF08387 - Leucine Rich Repeat (LRR_2) // FBD (FBD),PF07723,LRR_2
AT5G52610,(1 of 92) PTHR31790//PTHR31790:SF10 - FAMILY NOT NAMED // F-BOX ASSOCIATED UBIQUITINATION EFFECTOR FAMILY PROTEIN-RELATED,PF00646,F-box
AT5G52610,(1 of 92) PTHR31790//PTHR31790:SF10 - FAMILY NOT NAMED // F-BOX ASSOCIATED UBIQUITINATION EFFECTOR FAMILY PROTEIN-RELATED,PF07734,FBA_1
AT5G42830,(1 of 14) 2.3.1.133 - Shikimate O-hydroxycinnamoyltransferase,PF02458,Transferase
AT5G35450,(1 of 16) PTHR23155//PTHR23155:SF549 - LEUCINE-RICH REPEAT-CONTAINING PROTEIN // DISEASE RESISTANCE RPP8-LIKE PROTEIN 3-RELATED,PF00931,NB-ARC
AT5G47260,(1 of 1) PTHR23155//PTHR23155:SF491 - LEUCINE-RICH REPEAT-CONTAINING PROTEIN // SUBFAMILY NOT NAMED,PF04548,AIG1
AT5G47260,(1 of 1) PTHR23155//PTHR23155:SF491 - LEUCINE-RICH REPEAT-CONTAINING PROTEIN // SUBFAMILY NOT NAMED,PF00931,NB-ARC
AT5G38130,(1 of 7) 2.3.1.99 - Quinate O-hydroxycinnamoyltransferase / Hydroxycinnamoyl coenzyme A-quinate transferase,PF02458,Transferase
AT5G03100,(1 of 18) PTHR32153//PTHR32153:SF2 - FAMILY NOT NAMED // F-BOX/LRR-REPEAT PROTEIN 25-RELATED,PF00646,F-box
AT5G42430,(1 of 92) PTHR31790//PTHR31790:SF10 - FAMILY NOT NAMED // F-BOX ASSOCIATED UBIQUITINATION EFFECTOR FAMILY PROTEIN-RELATED,PF00646,F-box
AT5G42430,(1 of 92) PTHR31790//PTHR31790:SF10 - FAMILY NOT NAMED // F-BOX ASSOCIATED UBIQUITINATION EFFECTOR FAMILY PROTEIN-RELATED,PF08268,FBA_3
AT5G39090,(1 of 11) PTHR31625//PTHR31625:SF5 - FAMILY NOT NAMED // ACYLTRANSFERASE-LIKE PROTEIN-RELATED,PF02458,Transferase
AT5G02700,(1 of 18) PTHR32153//PTHR32153:SF2 - FAMILY NOT NAMED // F-BOX/LRR-REPEAT PROTEIN 25-RELATED,PF00646,F-box
AT5G23970,(1 of 6) 2.3.1.160 - Vinorine synthase,PF02458,Transferase
AT5G47950,(1 of 6) 2.3.1.160 - Vinorine synthase,PF02458,Transferase
AT5G56390,(1 of 44) PTHR32212//PTHR32212:SF112 - FAMILY NOT NAMED // FBD / LEUCINE RICH REPEAT DOMAINS CONTAINING PROTEIN-RELATED,PF08387,FBD
AT5G56390,(1 of 44) PTHR32212//PTHR32212:SF112 - FAMILY NOT NAMED // FBD / LEUCINE RICH REPEAT DOMAINS CONTAINING PROTEIN-RELATED,PF07723,LRR_2
AT5G05400,(1 of 21) PTHR23155//PTHR23155:SF639 - LEUCINE-RICH REPEAT-CONTAINING PROTEIN // DISEASE RESISTANCE PROTEIN RFL1-RELATED,PF00931,NB-ARC
AT5G05400,(1 of 21) PTHR23155//PTHR23155:SF639 - LEUCINE-RICH REPEAT-CONTAINING PROTEIN // DISEASE RESISTANCE PROTEIN RFL1-RELATED,PF13855,LRR_8
AT5G41830,(1 of 45) PTHR31639//PTHR31639:SF6 - FAMILY NOT NAMED // FBD DOMAIN-CONTAINING PROTEIN-RELATED,PF07723,LRR_2
AT5G39080,(1 of 11) PTHR31625//PTHR31625:SF5 - FAMILY NOT NAMED // ACYLTRANSFERASE-LIKE PROTEIN-RELATED,PF02458,Transferase
AT5G02910,(1 of 18) PTHR32153//PTHR32153:SF2 - FAMILY NOT NAMED // F-BOX/LRR-REPEAT PROTEIN 25-RELATED,PF00646,F-box
AT5G62970,(1 of 44) PTHR32212//PTHR32212:SF112 - FAMILY NOT NAMED // FBD / LEUCINE RICH REPEAT DOMAINS CONTAINING PROTEIN-RELATED,PF08387,FBD
AT5G62970,(1 of 44) PTHR32212//PTHR32212:SF112 - FAMILY NOT NAMED // FBD / LEUCINE RICH REPEAT DOMAINS CONTAINING PROTEIN-RELATED,PF07723,LRR_2
AT5G01220,(1 of 1) K06119 - sulfoquinovosyltransferase (SQD2),PF13579,Glyco_trans_4_4
AT5G01220,(1 of 1) K06119 - sulfoquinovosyltransferase (SQD2),PF13692,Glyco_trans_1_4
AT5G01220,(1 of 1) K06119 - sulfoquinovosyltransferase (SQD2),PF00534,Glycos_transf_1
AT5G40750,(1 of 44) PTHR32212//PTHR32212:SF112 - FAMILY NOT NAMED // FBD / LEUCINE RICH REPEAT DOMAINS CONTAINING PROTEIN-RELATED,PF08387,FBD
AT5G40750,(1 of 44) PTHR32212//PTHR32212:SF112 - FAMILY NOT NAMED // FBD / LEUCINE RICH REPEAT DOMAINS CONTAINING PROTEIN-RELATED,PF07723,LRR_2
AT5G18160,(1 of 92) PTHR31790//PTHR31790:SF10 - FAMILY NOT NAMED // F-BOX ASSOCIATED UBIQUITINATION EFFECTOR FAMILY PROTEIN-RELATED,PF00646,F-box
AT5G18160,(1 of 92) PTHR31790//PTHR31790:SF10 - FAMILY NOT NAMED // F-BOX ASSOCIATED UBIQUITINATION EFFECTOR FAMILY PROTEIN-RELATED,PF08268,FBA_3
AT5G35995,(1 of 34) PF00646//PF07723 - F-box domain (F-box) // Leucine Rich Repeat (LRR_2),PF00646,F-box
AT5G35995,(1 of 34) PF00646//PF07723 - F-box domain (F-box) // Leucine Rich Repeat (LRR_2),PF07723,LRR_2
AT5G22730,(1 of 69) PTHR32212//PTHR32212:SF126 - FAMILY NOT NAMED // EMB|CAB62440.1-RELATED,PF00646,F-box
AT5G22730,(1 of 69) PTHR32212//PTHR32212:SF126 - FAMILY NOT NAMED // EMB|CAB62440.1-RELATED,PF08387,FBD
AT5G22730,(1 of 69) PTHR32212//PTHR32212:SF126 - FAMILY NOT NAMED // EMB|CAB62440.1-RELATED,PF07723,LRR_2
AT5G24300,"(1 of 1) PTHR12526//PTHR12526:SF17 - GLYCOSYLTRANSFERASE // STARCH SYNTHASE 1, CHLOROPLASTIC/AMYLOPLASTIC",PF00534,Glycos_transf_1
AT5G24300,"(1 of 1) PTHR12526//PTHR12526:SF17 - GLYCOSYLTRANSFERASE // STARCH SYNTHASE 1, CHLOROPLASTIC/AMYLOPLASTIC",PF08323,Glyco_transf_5
AT5G48930,"(1 of 1) K13065 - shikimate O-hydroxycinnamoyltransferase (E2.3.1.133, HCT)",PF02458,Transferase
AT5G43740,(1 of 21) PTHR23155//PTHR23155:SF639 - LEUCINE-RICH REPEAT-CONTAINING PROTEIN // DISEASE RESISTANCE PROTEIN RFL1-RELATED,PF00931,NB-ARC
AT5G38565,(1 of 44) PTHR32212//PTHR32212:SF112 - FAMILY NOT NAMED // FBD / LEUCINE RICH REPEAT DOMAINS CONTAINING PROTEIN-RELATED,PF08387,FBD
AT5G56690,(1 of 44) PTHR32212//PTHR32212:SF112 - FAMILY NOT NAMED // FBD / LEUCINE RICH REPEAT DOMAINS CONTAINING PROTEIN-RELATED,PF00646,F-box
AT5G56690,(1 of 44) PTHR32212//PTHR32212:SF112 - FAMILY NOT NAMED // FBD / LEUCINE RICH REPEAT DOMAINS CONTAINING PROTEIN-RELATED,PF08387,FBD
AT5G56690,(1 of 44) PTHR32212//PTHR32212:SF112 - FAMILY NOT NAMED // FBD / LEUCINE RICH REPEAT DOMAINS CONTAINING PROTEIN-RELATED,PF07723,LRR_2
AT5G11370,(1 of 44) PTHR32212//PTHR32212:SF112 - FAMILY NOT NAMED // FBD / LEUCINE RICH REPEAT DOMAINS CONTAINING PROTEIN-RELATED,PF08387,FBD
AT5G11370,(1 of 44) PTHR32212//PTHR32212:SF112 - FAMILY NOT NAMED // FBD / LEUCINE RICH REPEAT DOMAINS CONTAINING PROTEIN-RELATED,PF07723,LRR_2
AT5G47250,(1 of 21) PTHR23155//PTHR23155:SF639 - LEUCINE-RICH REPEAT-CONTAINING PROTEIN // DISEASE RESISTANCE PROTEIN RFL1-RELATED,PF00931,NB-ARC
AT5G47250,(1 of 21) PTHR23155//PTHR23155:SF639 - LEUCINE-RICH REPEAT-CONTAINING PROTEIN // DISEASE RESISTANCE PROTEIN RFL1-RELATED,PF13855,LRR_8
AT5G38390,(1 of 17) PF00646//PF08387 - F-box domain (F-box) // FBD (FBD),PF00646,F-box
AT5G38390,(1 of 17) PF00646//PF08387 - F-box domain (F-box) // FBD (FBD),PF08387,FBD
AT5G38810,(1 of 92) PTHR31790//PTHR31790:SF10 - FAMILY NOT NAMED // F-BOX ASSOCIATED UBIQUITINATION EFFECTOR FAMILY PROTEIN-RELATED,PF00646,F-box
AT5G38810,(1 of 92) PTHR31790//PTHR31790:SF10 - FAMILY NOT NAMED // F-BOX ASSOCIATED UBIQUITINATION EFFECTOR FAMILY PROTEIN-RELATED,PF08268,FBA_3
AT5G16900,(1 of 1) PF00069//PF00560//PF07714//PF12819 - Protein kinase domain (Pkinase) // Leucine Rich Repeat (LRR_1) // Protein tyrosine kinase (Pkinase_Tyr) // Carbohydrate-binding protein of the ER (Malectin_like),PF00560,LRR_1
AT5G16900,(1 of 1) PF00069//PF00560//PF07714//PF12819 - Protein kinase domain (Pkinase) // Leucine Rich Repeat (LRR_1) // Protein tyrosine kinase (Pkinase_Tyr) // Carbohydrate-binding protein of the ER (Malectin_like),PF00069,Pkinase
AT5G16900,(1 of 1) PF00069//PF00560//PF07714//PF12819 - Protein kinase domain (Pkinase) // Leucine Rich Repeat (LRR_1) // Protein tyrosine kinase (Pkinase_Tyr) // Carbohydrate-binding protein of the ER (Malectin_like),PF12819,Malectin_like
AT5G16900,(1 of 1) PF00069//PF00560//PF07714//PF12819 - Protein kinase domain (Pkinase) // Leucine Rich Repeat (LRR_1) // Protein tyrosine kinase (Pkinase_Tyr) // Carbohydrate-binding protein of the ER (Malectin_like),PF07714,Pkinase_Tyr
AT5G56380,(1 of 69) PTHR32212//PTHR32212:SF126 - FAMILY NOT NAMED // EMB|CAB62440.1-RELATED,PF00646,F-box
AT5G56380,(1 of 69) PTHR32212//PTHR32212:SF126 - FAMILY NOT NAMED // EMB|CAB62440.1-RELATED,PF08387,FBD
AT5G56380,(1 of 69) PTHR32212//PTHR32212:SF126 - FAMILY NOT NAMED // EMB|CAB62440.1-RELATED,PF07723,LRR_2
AT5G67160,(1 of 7) PTHR31896//PTHR31896:SF12 - FAMILY NOT NAMED // ANTHRANILATE N-HYDROXYCINNAMOYL/BENZOYLTRANSFERASE-LIKE PROTEIN-RELATED,PF02458,Transferase
AT5G59650,(1 of 10) PF00069//PF12819//PF13855 - Protein kinase domain (Pkinase) // Carbohydrate-binding protein of the ER (Malectin_like) // Leucine rich repeat (LRR_8),PF00069,Pkinase
AT5G59650,(1 of 10) PF00069//PF12819//PF13855 - Protein kinase domain (Pkinase) // Carbohydrate-binding protein of the ER (Malectin_like) // Leucine rich repeat (LRR_8),PF12819,Malectin_like
AT5G59650,(1 of 10) PF00069//PF12819//PF13855 - Protein kinase domain (Pkinase) // Carbohydrate-binding protein of the ER (Malectin_like) // Leucine rich repeat (LRR_8),PF13855,LRR_8
AT5G22791,(1 of 92) PTHR31790//PTHR31790:SF10 - FAMILY NOT NAMED // F-BOX ASSOCIATED UBIQUITINATION EFFECTOR FAMILY PROTEIN-RELATED,PF08268,FBA_3
AT5G44850,(1 of 44) PTHR32212//PTHR32212:SF112 - FAMILY NOT NAMED // FBD / LEUCINE RICH REPEAT DOMAINS CONTAINING PROTEIN-RELATED,PF08387,FBD
AT5G17540,(1 of 2) 2.3.1.195 - (Z)-3-hexen-1-ol acetyltransferase,PF02458,Transferase
AT5G23940,(1 of 1) PTHR31896//PTHR31896:SF4 - FAMILY NOT NAMED // BAHD ACYLTRANSFERASE DCR,PF02458,Transferase
AT5G56410,(1 of 44) PTHR32212//PTHR32212:SF112 - FAMILY NOT NAMED // FBD / LEUCINE RICH REPEAT DOMAINS CONTAINING PROTEIN-RELATED,PF08387,FBD
AT5G56410,(1 of 44) PTHR32212//PTHR32212:SF112 - FAMILY NOT NAMED // FBD / LEUCINE RICH REPEAT DOMAINS CONTAINING PROTEIN-RELATED,PF07723,LRR_2
AT5G54380,(1 of 1) PTHR27003:SF37 - INTERLEUKIN-1 RECEPTOR-ASSOCIATED KINASE 4 PROTEIN-RELATED,PF07714,Pkinase_Tyr
AT5G54380,(1 of 1) PTHR27003:SF37 - INTERLEUKIN-1 RECEPTOR-ASSOCIATED KINASE 4 PROTEIN-RELATED,PF11721,Malectin
AT5G59660,(1 of 10) PF00069//PF12819//PF13855 - Protein kinase domain (Pkinase) // Carbohydrate-binding protein of the ER (Malectin_like) // Leucine rich repeat (LRR_8),PF00069,Pkinase
AT5G59660,(1 of 10) PF00069//PF12819//PF13855 - Protein kinase domain (Pkinase) // Carbohydrate-binding protein of the ER (Malectin_like) // Leucine rich repeat (LRR_8),PF12819,Malectin_like
AT5G59660,(1 of 10) PF00069//PF12819//PF13855 - Protein kinase domain (Pkinase) // Carbohydrate-binding protein of the ER (Malectin_like) // Leucine rich repeat (LRR_8),PF13855,LRR_8
AT5G52460,(1 of 44) PTHR32212//PTHR32212:SF112 - FAMILY NOT NAMED // FBD / LEUCINE RICH REPEAT DOMAINS CONTAINING PROTEIN-RELATED,PF00646,F-box
AT5G52460,(1 of 44) PTHR32212//PTHR32212:SF112 - FAMILY NOT NAMED // FBD / LEUCINE RICH REPEAT DOMAINS CONTAINING PROTEIN-RELATED,PF08387,FBD
AT5G52460,(1 of 44) PTHR32212//PTHR32212:SF112 - FAMILY NOT NAMED // FBD / LEUCINE RICH REPEAT DOMAINS CONTAINING PROTEIN-RELATED,PF07723,LRR_2
AT5G61160,(1 of 1) K14329 - agmatine coumaroyltransferase (ACT),PF02458,Transferase
AT5G07870,(1 of 14) 2.3.1.133 - Shikimate O-hydroxycinnamoyltransferase,PF02458,Transferase
AT5G67150,(1 of 7) PTHR31896//PTHR31896:SF12 - FAMILY NOT NAMED // ANTHRANILATE N-HYDROXYCINNAMOYL/BENZOYLTRANSFERASE-LIKE PROTEIN-RELATED,PF02458,Transferase
AT5G15670,(1 of 92) PTHR31790//PTHR31790:SF10 - FAMILY NOT NAMED // F-BOX ASSOCIATED UBIQUITINATION EFFECTOR FAMILY PROTEIN-RELATED,PF00646,F-box
AT5G15670,(1 of 92) PTHR31790//PTHR31790:SF10 - FAMILY NOT NAMED // F-BOX ASSOCIATED UBIQUITINATION EFFECTOR FAMILY PROTEIN-RELATED,PF08268,FBA_3
AT5G07850,(1 of 14) 2.3.1.133 - Shikimate O-hydroxycinnamoyltransferase,PF02458,Transferase
AT5G50220,(1 of 92) PTHR31790//PTHR31790:SF10 - FAMILY NOT NAMED // F-BOX ASSOCIATED UBIQUITINATION EFFECTOR FAMILY PROTEIN-RELATED,PF00646,F-box
AT5G50220,(1 of 92) PTHR31790//PTHR31790:SF10 - FAMILY NOT NAMED // F-BOX ASSOCIATED UBIQUITINATION EFFECTOR FAMILY PROTEIN-RELATED,PF08268,FBA_3
AT5G63020,(1 of 21) PTHR23155//PTHR23155:SF639 - LEUCINE-RICH REPEAT-CONTAINING PROTEIN // DISEASE RESISTANCE PROTEIN RFL1-RELATED,PF00931,NB-ARC
AT5G63020,(1 of 21) PTHR23155//PTHR23155:SF639 - LEUCINE-RICH REPEAT-CONTAINING PROTEIN // DISEASE RESISTANCE PROTEIN RFL1-RELATED,PF13855,LRR_8
AT5G56400,(1 of 44) PTHR32212//PTHR32212:SF112 - FAMILY NOT NAMED // FBD / LEUCINE RICH REPEAT DOMAINS CONTAINING PROTEIN-RELATED,PF00646,F-box
AT5G56400,(1 of 44) PTHR32212//PTHR32212:SF112 - FAMILY NOT NAMED // FBD / LEUCINE RICH REPEAT DOMAINS CONTAINING PROTEIN-RELATED,PF08387,FBD
AT5G56400,(1 of 44) PTHR32212//PTHR32212:SF112 - FAMILY NOT NAMED // FBD / LEUCINE RICH REPEAT DOMAINS CONTAINING PROTEIN-RELATED,PF07723,LRR_2
AT5G63560,(1 of 2) PTHR31642//PTHR31642:SF10 - FAMILY NOT NAMED // ACYLTRANSFERASE-LIKE PROTEIN-RELATED,PF02458,Transferase
AT5G41040,(1 of 1) PTHR31642//PTHR31642:SF43 - FAMILY NOT NAMED // OMEGA-HYDROXYPALMITATE O-FERULOYL TRANSFERASE,PF02458,Transferase
AT5G59670,(1 of 14) PF07714//PF12819//PF13855 - Protein tyrosine kinase (Pkinase_Tyr) // Carbohydrate-binding protein of the ER (Malectin_like) // Leucine rich repeat (LRR_8),PF07714,Pkinase_Tyr
AT5G59670,(1 of 14) PF07714//PF12819//PF13855 - Protein tyrosine kinase (Pkinase_Tyr) // Carbohydrate-binding protein of the ER (Malectin_like) // Leucine rich repeat (LRR_8),PF12819,Malectin_like
AT5G59670,(1 of 14) PF07714//PF12819//PF13855 - Protein tyrosine kinase (Pkinase_Tyr) // Carbohydrate-binding protein of the ER (Malectin_like) // Leucine rich repeat (LRR_8),PF13855,LRR_8
AT5G07080,(1 of 6) 2.3.1.162 - Taxadien-5-alpha-ol O-acetyltransferase / Taxadienol acetyltransferase,PF02458,Transferase
AT5G56440,(1 of 44) PTHR32212//PTHR32212:SF112 - FAMILY NOT NAMED // FBD / LEUCINE RICH REPEAT DOMAINS CONTAINING PROTEIN-RELATED,PF00646,F-box
AT5G56440,(1 of 44) PTHR32212//PTHR32212:SF112 - FAMILY NOT NAMED // FBD / LEUCINE RICH REPEAT DOMAINS CONTAINING PROTEIN-RELATED,PF08387,FBD
AT5G56440,(1 of 44) PTHR32212//PTHR32212:SF112 - FAMILY NOT NAMED // FBD / LEUCINE RICH REPEAT DOMAINS CONTAINING PROTEIN-RELATED,PF07723,LRR_2
AT5G22610,(1 of 69) PTHR32212//PTHR32212:SF126 - FAMILY NOT NAMED // EMB|CAB62440.1-RELATED,PF00646,F-box
AT5G22610,(1 of 69) PTHR32212//PTHR32212:SF126 - FAMILY NOT NAMED // EMB|CAB62440.1-RELATED,PF08387,FBD
AT5G22610,(1 of 69) PTHR32212//PTHR32212:SF126 - FAMILY NOT NAMED // EMB|CAB62440.1-RELATED,PF07723,LRR_2
AT5G44010,(1 of 1) PTHR14449:SF2 - FANCONI ANEMIA GROUP F PROTEIN,PF11107,FANCF
AT5G44010,(1 of 1) PTHR14449:SF2 - FANCONI ANEMIA GROUP F PROTEIN,,
AT5G50270,(1 of 44) PTHR32212//PTHR32212:SF112 - FAMILY NOT NAMED // FBD / LEUCINE RICH REPEAT DOMAINS CONTAINING PROTEIN-RELATED,PF08387,FBD
AT5G50270,(1 of 44) PTHR32212//PTHR32212:SF112 - FAMILY NOT NAMED // FBD / LEUCINE RICH REPEAT DOMAINS CONTAINING PROTEIN-RELATED,PF07723,LRR_2
AT5G07860,(1 of 7) 2.3.1.99 - Quinate O-hydroxycinnamoyltransferase / Hydroxycinnamoyl coenzyme A-quinate transferase,PF02458,Transferase
AT5G22670,(1 of 69) PTHR32212//PTHR32212:SF126 - FAMILY NOT NAMED // EMB|CAB62440.1-RELATED,PF00646,F-box
AT5G22670,(1 of 69) PTHR32212//PTHR32212:SF126 - FAMILY NOT NAMED // EMB|CAB62440.1-RELATED,PF08387,FBD
AT5G22670,(1 of 69) PTHR32212//PTHR32212:SF126 - FAMILY NOT NAMED // EMB|CAB62440.1-RELATED,PF07723,LRR_2
AT5G43470,(1 of 16) PTHR23155//PTHR23155:SF549 - LEUCINE-RICH REPEAT-CONTAINING PROTEIN // DISEASE RESISTANCE RPP8-LIKE PROTEIN 3-RELATED,PF00931,NB-ARC
AT5G44950,(1 of 17) PF00646//PF08387 - F-box domain (F-box) // FBD (FBD),PF00646,F-box
AT5G44950,(1 of 17) PF00646//PF08387 - F-box domain (F-box) // FBD (FBD),PF08387,FBD
